id,user_id,chair_id,pickup_latitude,pickup_longitude,destination_latitude,destination_longitude,evaluation,created_at,updated_at,latest_status
01JDJ5SY9RS1BBNFCX7KVWMK8P,24,01JDH1J600S5RE3WC9RR7NRAMC,-34,-9,-23,-31,2,2024-11-25 17:27:15,2024-11-25 18:30:18,COMPLETED
01JDJ8H0E0Q9GMYM1P8AQ8XRS7,45,01JDHB5B38VW1XKEJHXQEWEJ4A,-23,-23,-55,-27,2,2024-11-25 18:14:48,2024-11-25 18:31:51,COMPLETED
01JDJAN810V5KR911MKEJJEBT5,65,01JDG24W2G3J82DV8TH84R3YQA,34,4,30,-15,5,2024-11-25 18:52:04,2024-11-25 19:14:07,COMPLETED
01JDJBAGP87ZTGGBD7ABC7ZDJV,70,01JDHV9VDGKTCHE5MA3815XW03,-43,-45,-24,-53,3,2024-11-25 19:03:41,2024-11-25 19:21:44,COMPLETED
01JDJBZJGRFYTNZ3NSSN8Z2PR2,96,01JDFK1BDGV57XYXDMZVW1DWJK,-48,32,-27,20,5,2024-11-25 19:15:11,2024-11-25 20:08:14,COMPLETED
01JDJC9QQ0S26NBPQDJ3T0T60T,226,01JDFM1TFG01NRWT038PTCEBN7,6,-35,-7,-34,5,2024-11-25 19:20:44,2024-11-25 19:30:47,COMPLETED
01JDJCEC5002X761ZQZR088E9T,295,01JDGA1A6GVF5VGGRJ2PS471W5,-26,34,-24,18,4,2024-11-25 19:23:16,2024-11-25 20:15:19,COMPLETED
01JDJD2FPR33YKWHAETVS3SDYH,88,01JDFM2B2R13V0ZRE4P7YNVVRT,-13,7,-22,29,5,2024-11-25 19:34:15,2024-11-25 20:03:18,COMPLETED
01JDJDY0J8GQ4V15572P10BDKG,95,01JDHSDBW0GTGW0Y9Q2HMYMXTQ,32,43,43,37,3,2024-11-25 19:49:17,2024-11-25 20:29:20,COMPLETED
01JDJEE370W5H0SBKKX4PY01F7,99,01JDFJ6WQR5QMT57X4905AQY7B,33,9,33,-22,5,2024-11-25 19:58:04,2024-11-25 20:12:07,COMPLETED
01JDJHBW68DM1T9QAPNT8HQJNP,122,01JDGQA01GH6YY2Y306JTG3W4A,14,-30,9,-17,2,2024-11-25 20:49:17,2024-11-25 21:13:20,COMPLETED
01JDJHZ7ARRGZRMAVJ9Z42YHM2,87,01JDHCFHP0VREMF3D5EZ8HXWR8,-46,-42,-39,-42,5,2024-11-25 20:59:51,2024-11-25 21:45:54,COMPLETED
01JDJM1BHG716JNQ4RK3AMQQ1N,132,01JDG049NGXDTM2XQGJ89EG16N,4,-32,30,-24,3,2024-11-25 21:35:58,2024-11-25 22:03:01,COMPLETED
01JDJN1A089TGRM77Q1TG4M40Z,140,01JDGR69A8FSRTJXH63NYKT4HW,4,12,-15,10,5,2024-11-25 21:53:25,2024-11-25 22:20:28,COMPLETED
01JDJSBTM0FV1JQBDND3GW8DTR,166,01JDHPZVD0BSC7XCQF3DG5K816,-14,6,-5,11,3,2024-11-25 23:09:04,2024-11-25 23:18:07,COMPLETED
01JDJTTFS8J3CMV3DHH3AY9NB8,524,01JDH6SV7GTGSYYXV294PYDS7Z,9,-1,11,-47,5,2024-11-25 23:34:33,2024-11-26 00:03:36,COMPLETED
01JDJV6Z6GX1E1SY3Y2QN7TDMB,182,01JDGVNB10C3F1XDRDCEQVWN3A,-4,-32,5,-56,3,2024-11-25 23:41:22,2024-11-25 23:50:25,COMPLETED
01JDJWVFVRFHA6KR3A81ACX8JR,353,01JDHCFHP0VREMF3D5EZ8HXWR8,26,19,27,15,2,2024-11-26 00:10:03,2024-11-26 00:26:06,COMPLETED
01JDJX5D80S693PY22KHPY9H6R,207,01JDFTB9R0PCKWAJAZBSY6148B,40,38,19,19,4,2024-11-26 00:15:28,2024-11-26 01:21:31,COMPLETED
01JDJZBDFGYZHW1HRHN6D8SGAN,206,01JDG93C6813KM04RCVXVY4GBW,13,27,17,29,2,2024-11-26 00:53:42,2024-11-26 01:15:45,COMPLETED
01JDJZMS984W3A91G22M9WRBC6,384,01JDH8K0ARG2Z5AB94DMBAK2YH,40,-36,45,-8,4,2024-11-26 00:58:49,2024-11-26 01:47:52,COMPLETED
01JDK0T2MR3FBVBA3TEBZY5AN2,222,01JDH3V11R3JCA36MTYEGTS05G,-43,-50,-67,-56,3,2024-11-26 01:19:11,2024-11-26 01:37:14,COMPLETED
01JDK2FWAGRAQSD8S2GSME1KY1,43,01JDFH6WAGA8EEG0N6VPDRPCP7,46,-22,50,-50,4,2024-11-26 01:48:34,2024-11-26 02:12:37,COMPLETED
01JDK2SYK06W705MF4R4EWQZ0R,243,01JDHX1XBRC0KHEA4HSWYVZT7F,1,-44,-23,-39,3,2024-11-26 01:54:04,2024-11-26 02:19:07,COMPLETED
01JDK2ZGAGPG4QA1F7DNKTGJ4M,170,01JDG0TAR0V14GGFRQPF1QME5P,-21,30,-6,22,5,2024-11-26 01:57:06,2024-11-26 02:15:09,COMPLETED
01JDK37K3RV9TEN3TVW61KKV3J,246,01JDHT2QF0QR1XPHJVM786KX28,-17,7,-15,10,5,2024-11-26 02:01:31,2024-11-26 02:18:34,COMPLETED
01JDK3NCGR2JSNR5DFBB2G5J7D,254,01JDHR42JR1JMBRERWAZZTA293,28,30,16,11,4,2024-11-26 02:09:03,2024-11-26 02:24:06,COMPLETED
01JDK47Y8RE07Q14XE5Q3MMJGM,258,01JDGHH5ZG1JQAPEY6EK9K57YM,-36,41,-47,56,2,2024-11-26 02:19:11,2024-11-26 02:43:14,COMPLETED
01JDKATQCG7EXK21N0GY6HNE8H,296,01JDG6WPF81EGY9RMHTXAQQVGG,45,-1,67,-13,4,2024-11-26 04:14:18,2024-11-26 05:18:21,COMPLETED
01JDKDCTB0Y33J01N9TSA7JQHT,313,01JDGRNBQRPDTF93DC5AWMK9M4,-27,42,4,54,5,2024-11-26 04:59:08,2024-11-26 05:26:11,COMPLETED
01JDKFNEJ0TAKY65HK6HGJWD7Z,333,01JDFNZ2E8ST9R7G997ZKC3D4A,-16,-13,-8,10,4,2024-11-26 05:38:48,2024-11-26 05:52:51,COMPLETED
01JDKJ31YRJRBMDZ8D8P9RW0VX,353,01JDGDVK98D5TSF9NTC9WJ8CHF,-13,18,-5,34,4,2024-11-26 06:21:11,2024-11-26 06:34:14,COMPLETED
01JDKJKS3R3T6TJ4RAXDXAH507,357,01JDGR8HJRD2ZKX8S95HZD6MJW,30,-44,14,-41,3,2024-11-26 06:30:19,2024-11-26 06:50:22,COMPLETED
01JDKKW53GM4JXF948ST1RMQZF,493,01JDGR8HJRD2ZKX8S95HZD6MJW,36,28,73,38,5,2024-11-26 06:52:22,2024-11-26 07:41:25,COMPLETED
01JDKNNK00FZCP7F1NFE1NQZ26,354,01JDGTWD5R0A85VK3Q8M5VAR1G,38,-36,41,-60,5,2024-11-26 07:23:44,2024-11-26 07:42:47,COMPLETED
01JDKNSHYGCHHJ14QQGKBTSP63,19,01JDG5FVX0N8SNZCFMV5YB5HJZ,-15,5,-17,-14,4,2024-11-26 07:25:54,2024-11-26 07:48:57,COMPLETED
01JDKP1MQR7KEVDBA1HH26N56D,383,01JDGKWXT04PGTVCS5NTJ4SWB1,-26,5,-20,-4,4,2024-11-26 07:30:19,2024-11-26 07:51:22,COMPLETED
01JDKPWZQRYZRTSEXJR0DKVENE,394,01JDGANPHGJ59H6FSW2E9A17BP,45,-39,40,-22,5,2024-11-26 07:45:15,2024-11-26 09:03:18,COMPLETED
01JDKR8H9GQ4JTKJ35DDA9A2TG,401,01JDGGCB8R3YD65WB8QEMXG8HS,-35,-6,-16,4,5,2024-11-26 08:09:02,2024-11-26 08:32:05,COMPLETED
01JDKRA9Y0ZJ4TR9HH5C6BA6S4,301,01JDGAMZ3GPZCY3628P7WJBEJZ,-29,40,-34,64,5,2024-11-26 08:10:00,2024-11-26 08:28:03,COMPLETED
01JDKS1D687TK37649KBWEASZQ,50,01JDFJAC2866H315R7HTHZHABR,-48,24,-46,52,2,2024-11-26 08:22:37,2024-11-26 08:54:40,COMPLETED
01JDKWPBC80WPN117WMGB7CP4H,428,01JDGX9SQRJG3Y8KCBRGB9VKX3,-38,15,-66,19,5,2024-11-26 09:26:29,2024-11-26 09:54:32,COMPLETED
01JDKXAYJ06X5H784HPX4FA9PE,435,01JDHE4D30APFK1ZSVMNT9FCZE,30,23,21,5,5,2024-11-26 09:37:44,2024-11-26 10:08:47,COMPLETED
01JDKXZWFGES2ZDPGYBHJ5PCFZ,443,01JDG9GRX0PETMTF8BWR6JB80J,-35,-39,-15,-56,5,2024-11-26 09:49:10,2024-11-26 10:26:13,COMPLETED
01JDM0ARZ02AER5WY3M5HB4XFN,548,01JDH4TFWG7DGM6K56726PT54N,38,-32,45,-33,2,2024-11-26 10:30:04,2024-11-26 11:25:07,COMPLETED
01JDM0TSN8RV247THXQ86A5Y43,461,01JDGZ7V30WXBKQACDB7XR1K87,-26,-38,-36,-35,5,2024-11-26 10:38:49,2024-11-26 11:01:52,COMPLETED
01JDM0TSN8RYAWDY1XJCEGZA0K,461,01JDGNPBPGZ93J26PTMDWDNR6G,-19,-37,5,-46,3,2024-11-26 10:38:49,2024-11-26 11:02:52,COMPLETED
01JDM28EK89N4H7HT7RY263FYW,13,01JDH0B030JFW4HP7P257WEKNT,-8,-4,-8,-31,4,2024-11-26 11:03:45,2024-11-26 11:20:48,COMPLETED
01JDM4JHP84QSH2EN7F825AAQF,490,01JDGY3B40ZQCKDJA11378RR1H,-12,41,8,38,5,2024-11-26 11:44:13,2024-11-26 11:58:16,COMPLETED
01JDM4MN2GME13S5MR28RBC17X,492,01JDGTSFDRS4ZPB0T1PYXQ38T5,-16,-22,-47,-17,4,2024-11-26 11:45:22,2024-11-26 12:07:25,COMPLETED
01JDM5A9ERB58BWX38Q0A9VSMC,128,01JDHMWWTG90NYQWJXY3DTKVXA,10,-6,17,5,5,2024-11-26 11:57:11,2024-11-26 12:38:14,COMPLETED
01JDM9Z4503XAABWEWQH3X4SF8,519,01JDGZYFPGVW8CHPABYKVGS0B9,48,-17,41,-22,4,2024-11-26 13:18:28,2024-11-26 13:31:31,COMPLETED
01JDMBEGR8QFSBK82VC3B97YVZ,236,01JDFFXC6GDVFK382S3RBEG5Q1,41,8,49,25,2,2024-11-26 13:44:21,2024-11-26 14:17:24,COMPLETED
01JDMFG938JC8RCPVF7KQJAETA,554,01JDHDRQ28D2C7NNNSX47N4G4Z,-18,1,-9,34,5,2024-11-26 14:55:13,2024-11-26 15:10:16,COMPLETED
01JDMFHXTR7FVPY9SWXY7KTS4G,555,01JDGST0K0CA9STW3TDMX0XYF4,-50,-21,-33,-24,4,2024-11-26 14:56:07,2024-11-26 15:45:10,COMPLETED
01JDMGDZ9GWJ6MRN5CVSPEBJ24,336,01JDFR8ST8WGK88TK7EZQ9SHNK,-8,-50,-5,-10,5,2024-11-26 15:11:26,2024-11-26 16:00:29,COMPLETED
01JDMGFG408SA4ZRYMJT8V5R3E,321,01JDHDRQ28D2C7NNNSX47N4G4Z,-13,6,-9,14,2,2024-11-26 15:12:16,2024-11-26 15:21:19,COMPLETED
01JDMGY6TGNXA3SXQRQB5E1YHQ,557,01JDFR7DW0WFKN0T3CK2EKRADD,36,27,29,30,5,2024-11-26 15:20:18,2024-11-26 16:05:21,COMPLETED
01JDMHQ4NRT45YRGV9X42CCVVF,106,01JDG8DMW8HJGN83TA415V94Y7,-45,-49,-60,-42,2,2024-11-26 15:33:55,2024-11-26 15:49:58,COMPLETED
01JDJ8W5VGJXXF4WJWKRFXZ6F0,60,01JDG4F238M68126NRX6MH1Y96,-15,29,20,27,3,2024-11-25 18:20:54,2024-11-25 19:12:57,COMPLETED
01JDJ9C6HRJ5ZJ538PEQNQ25FZ,52,01JDFJ30Q0037J361FC7X4V0TA,4,0,-18,0,5,2024-11-25 18:29:39,2024-11-25 19:26:42,COMPLETED
01JDJ9MM2R7Y6478PETN9A1FDP,58,01JDHCQNEGGCJGNCRQ6C8JBMXY,1,-7,-1,-4,5,2024-11-25 18:34:15,2024-11-25 18:48:18,COMPLETED
01JDJAK0QRYP1T8RXTPHX8TZ7C,111,01JDGP1E68X1036QJ01AA0DED5,-43,37,-54,56,3,2024-11-25 18:50:51,2024-11-25 19:13:54,COMPLETED
01JDJBCE705BD9EDENDYQ80M6K,72,01JDFMZPH8R1DSVRN38KCHF1GC,44,-28,34,-45,4,2024-11-25 19:04:44,2024-11-25 19:11:47,COMPLETED
01JDJDRYERQAT0PZH33YDD6FD3,65,01JDG7P6W8HZQAVF9ZVES6EMMW,8,-18,14,15,4,2024-11-25 19:46:31,2024-11-25 20:27:34,COMPLETED
01JDJE33N0FRRP4SMG00JCEMSJ,98,01JDGR1D28D52CRD8T7VE14T6C,-34,-36,-12,-36,2,2024-11-25 19:52:04,2024-11-25 20:10:07,COMPLETED
01JDJE33N0RXNKJNBFT323WT9R,98,01JDGB69SGGMFR9GQQEEN4RXKS,11,2,-11,-6,2,2024-11-25 19:52:04,2024-11-25 20:05:07,COMPLETED
01JDJF1Q4R0XMF4EA324503MD7,263,01JDFYK7BG0W46KY333WWRSS7W,1,26,8,48,4,2024-11-25 20:08:47,2024-11-25 20:32:50,COMPLETED
01JDJGDKE8G2TSTC5Q74WSFAV4,321,01JDH3RG00JRM4T0BCE3XJKNWX,-18,28,-4,23,5,2024-11-25 20:32:45,2024-11-25 20:55:48,COMPLETED
01JDJGFF0GJ4G7ESGGDF0EFDCP,114,01JDFXWQM8FJSPHTAHAWCPJQGW,18,-12,29,2,4,2024-11-25 20:33:46,2024-11-25 21:01:49,COMPLETED
01JDJMA3T8AE0MG31Z8DEQKMMY,360,01JDGJJ4NGM0RZVQAQ62M35XN8,49,-4,43,-15,5,2024-11-25 21:40:45,2024-11-25 22:40:48,COMPLETED
01JDJNEQP8TAKYPNJESN6AV25T,272,01JDGBT0N0GMM9PPWCSY4QDB64,41,-10,35,-28,2,2024-11-25 22:00:45,2024-11-25 22:34:48,COMPLETED
01JDJPPYSRV0GNNRPVVNMMQ6T0,148,01JDGT98W001467TT084B2HEWC,20,29,20,34,5,2024-11-25 22:22:43,2024-11-25 22:31:46,COMPLETED
01JDJR6ZX8JTADJGW9F6P7WG4M,137,01JDHCFHP0VREMF3D5EZ8HXWR8,-27,-8,-5,-12,3,2024-11-25 22:48:57,2024-11-25 23:24:00,COMPLETED
01JDJS747G93JK17135EPY6MED,163,01JDGEM5DGEMP499GQB9K31NZV,-19,-32,-14,-32,4,2024-11-25 23:06:30,2024-11-25 23:21:33,COMPLETED
01JDJS747G9YBQFSE3WV62XSJR,163,01JDH6CDHGJAJ2GWESA94B4Q9Z,20,36,6,28,4,2024-11-25 23:06:30,2024-11-25 23:26:33,COMPLETED
01JDJTK3ERH9222M5K5W33P7EG,372,01JDHJ2P3GP18KD0981ZJQMZZR,6,-3,-14,10,2,2024-11-25 23:30:31,2024-11-26 00:02:34,COMPLETED
01JDJVEQ80WFS2GSNW76JRFJ2S,47,01JDH4ZF289XQHMHHHMNDCQ7SP,-27,48,-37,61,4,2024-11-25 23:45:36,2024-11-26 00:03:39,COMPLETED
01JDJWDKH022NX9K867S2YD397,188,01JDHKES7RVEJM2FM14E0N61M4,24,-47,17,-58,4,2024-11-26 00:02:28,2024-11-26 00:18:31,COMPLETED
01JDJWZSJ0DNJAV6YXTW5EPHK8,190,01JDHQZYR0ERVMJD4GHWKWQCZJ,-23,-6,-46,-8,2,2024-11-26 00:12:24,2024-11-26 00:52:27,COMPLETED
01JDJY6XGGSK8MMHZGESX2QX9S,197,01JDH8K0ARG2Z5AB94DMBAK2YH,38,-2,25,9,3,2024-11-26 00:33:46,2024-11-26 00:56:49,COMPLETED
01JDK0QEN8Z5HKJPM7BEFD3R8E,207,01JDG93C6813KM04RCVXVY4GBW,-29,-26,-24,-35,4,2024-11-26 01:17:45,2024-11-26 01:43:48,COMPLETED
01JDK120HRTH1ESNB2JA1VMNQ1,324,01JDFTB9R0PCKWAJAZBSY6148B,-16,39,-35,31,3,2024-11-26 01:23:31,2024-11-26 02:07:34,COMPLETED
01JDK1SCK826WAK77G3P9MDJAP,107,01JDH7NVQ0QP1M0WYSYGT11521,-13,-31,-2,-5,5,2024-11-26 01:36:17,2024-11-26 01:51:20,COMPLETED
01JDK31DV8S5JJ0W2P68KG4RFV,245,01JDGMDK0G06P7GMPE3ED26YEQ,40,-48,35,-48,5,2024-11-26 01:58:09,2024-11-26 02:09:12,COMPLETED
01JDK31DV8Z15952FW9GM563BD,245,01JDH09BBGTS6NJ58BB7C50Q7V,-40,-34,-26,-62,5,2024-11-26 01:58:09,2024-11-26 02:31:12,COMPLETED
01JDK3PNH8BJKY2B5FNXQ51JVV,257,01JDH6ZRP0Y32HFFPMAZDXJGJX,6,-45,-3,-36,2,2024-11-26 02:09:45,2024-11-26 03:15:48,COMPLETED
01JDK3R5CGRAA1AHG3CPER1PTG,100,01JDFWMEJ828Q9JBCW7PKWR5R6,29,-50,45,-74,3,2024-11-26 02:10:34,2024-11-26 02:27:37,COMPLETED
01JDKACQ4R21RFMWSSJ35QPCDT,292,01JDFEF7MGXXCJKW1MNJXPA77A,-46,30,-30,33,5,2024-11-26 04:06:39,2024-11-26 04:52:42,COMPLETED
01JDKBJK20PSSNYZKHS1895J7Z,342,01JDGJBGR869BEHSKVV3XWGD1Y,11,-18,-9,-24,5,2024-11-26 04:27:20,2024-11-26 04:43:23,COMPLETED
01JDKGJTZR5MHTTYRX9SHW0M06,254,01JDFNZ2E8ST9R7G997ZKC3D4A,28,38,16,43,5,2024-11-26 05:54:51,2024-11-26 06:13:54,COMPLETED
01JDKJ6M70EVXHETJA0EX2DAV6,353,01JDHWZR10JQNH8WADGXE2B5BG,14,-5,20,20,2,2024-11-26 06:23:08,2024-11-26 07:04:11,COMPLETED
01JDKP1MQRP7PT46YV6NXRF6AR,383,01JDG737ERT0807TESZFTGPA91,-22,-13,-49,-16,2,2024-11-26 07:30:19,2024-11-26 08:20:22,COMPLETED
01JDKW7NN090QZBBVDA6MXVETJ,423,01JDFG801GD59PJFF2M8D3E4D5,-36,24,-45,52,3,2024-11-26 09:18:28,2024-11-26 10:14:31,COMPLETED
01JDKZZGKR4FHSBEPAB6GNEDXD,454,01JDFQ20KGASPZYFBH1KHA63ZB,-50,-40,-45,-36,5,2024-11-26 10:23:55,2024-11-26 11:00:58,COMPLETED
01JDM0WDDG753F3C4JJHAR5SBC,369,01JDH0B030JFW4HP7P257WEKNT,-33,-38,-9,-46,5,2024-11-26 10:39:42,2024-11-26 11:01:45,COMPLETED
01JDM0ZB5GFRB05T0ATCVYWWFY,465,01JDHTV8M0WJGVE9AA2KT3FAZG,-24,17,-43,19,4,2024-11-26 10:41:18,2024-11-26 11:00:21,COMPLETED
01JDM4RTVR1DCY1RVR83PAN6T1,240,01JDHDV74R59WM9K3YE4M0GFNJ,35,4,10,3,4,2024-11-26 11:47:39,2024-11-26 12:52:42,COMPLETED
01JDM60P88J93TZ9T3D8DM2Z88,223,01JDGTSFDRS4ZPB0T1PYXQ38T5,-41,-33,-41,9,5,2024-11-26 12:09:25,2024-11-26 12:21:28,COMPLETED
01JDM75E188VE1W3B7Q08105Q3,503,01JDGYP3PRK65020KN1NCEC2A7,16,47,14,34,2,2024-11-26 12:29:29,2024-11-26 12:40:32,COMPLETED
01JDM8CWQG43F3MC9VHREVHQ7W,307,01JDHD164GPKBEX1DEGX6S6EPR,-27,-48,-43,-46,3,2024-11-26 12:51:02,2024-11-26 13:15:05,COMPLETED
01JDMA2FJGSR17KHVRGSHEDZZR,521,01JDFFXC6GDVFK382S3RBEG5Q1,14,44,22,53,3,2024-11-26 13:20:18,2024-11-26 13:42:21,COMPLETED
01JDMDGB6G4FSZ18M9AZWA8RSE,542,01JDGNYS7GV7R7KY9EQ82ZZ5YA,-50,33,-66,24,4,2024-11-26 14:20:18,2024-11-26 15:04:21,COMPLETED
01JDJ50ZF8TF13HZFWJWEX6AGA,506,01JDGEKKV0J0S5KS9C852QYCK3,28,-3,45,-3,2,2024-11-25 17:13:37,2024-11-25 17:43:40,COMPLETED
01JDJ81K8R93S77MRBX6XZNF5S,40,01JDH6Z73GQ5V3QGDY8X9HG488,-33,37,-16,50,5,2024-11-25 18:06:23,2024-11-25 19:22:26,COMPLETED
01JDJ984NGK343AE13A11TV0KQ,133,01JDFSPWDR7YXMN4WV01ZWXCB5,-13,-33,-28,-30,4,2024-11-25 18:27:26,2024-11-25 18:45:29,COMPLETED
01JDJ9NMA0JDJXD2AWKRJKSPF8,289,01JDGP1E68X1036QJ01AA0DED5,3,-8,6,-25,2,2024-11-25 18:34:48,2024-11-25 18:48:51,COMPLETED
01JDJBAKM0XM9XCNT5WGAKWVBW,71,01JDHW4D10THAYK3AP6GZZS50M,25,-44,47,-42,4,2024-11-25 19:03:44,2024-11-25 19:25:47,COMPLETED
01JDJDKKJ0VAXTP830WFRE2CQ4,93,01JDGQECNGQEKE4H9AMDTE3VQ4,-49,26,-57,39,5,2024-11-25 19:43:36,2024-11-25 20:14:39,COMPLETED
01JDJF721GKAX781TXN1VJVHMT,103,01JDH3RG00JRM4T0BCE3XJKNWX,15,15,12,17,3,2024-11-25 20:11:42,2024-11-25 20:30:45,COMPLETED
01JDJGCM68A05PX33T1V67V846,112,01JDFST9SRZJCBMBVP1PSXQFYK,40,-35,43,-4,3,2024-11-25 20:32:13,2024-11-25 22:08:16,COMPLETED
01JDJGDX6RBDF9N9CXZ08D5984,113,01JDH4GCMR2GMBX7CJZ84DXNCK,18,-34,2,-23,3,2024-11-25 20:32:55,2024-11-25 20:48:58,COMPLETED
01JDJGP000S10N26MZ504J76TA,54,01JDHJ35QGPJB57B1ZM8X9D0JF,37,-47,46,-20,2,2024-11-25 20:37:20,2024-11-25 22:14:23,COMPLETED
01JDJGP5VGPQ51ZDMFN1EJ253X,118,01JDGSWRFGS5TKN25GZ5MNN4MW,7,31,-9,27,2,2024-11-25 20:37:26,2024-11-25 21:07:29,COMPLETED
01JDJMM53GW78TZS8KPXA2F7KN,137,01JDGW5KH8QDDC5M04JRSYZDP1,6,-10,22,-16,2,2024-11-25 21:46:14,2024-11-25 22:16:17,COMPLETED
01JDJMMVJ849YEYT3WXKTKN1FB,138,01JDFFT9J8JVCFVJAG4WN2B666,0,9,7,16,2,2024-11-25 21:46:37,2024-11-25 22:11:40,COMPLETED
01JDJMWVDR2S3NPXX1VPWAWB4S,97,01JDGFHGW0Z32WC9Z8ZFZ43SV4,-31,-47,-41,-44,4,2024-11-25 21:50:59,2024-11-25 23:11:02,COMPLETED
01JDJQB68GBXAXRASDY2022TYA,336,01JDGT98W001467TT084B2HEWC,39,42,66,35,2,2024-11-25 22:33:46,2024-11-25 22:44:49,COMPLETED
01JDJRZQX07YGJ9QCY4W1N1CEW,162,01JDH83XX8GRMNZJ34S9RVBC0E,1,-18,17,-10,4,2024-11-25 23:02:28,2024-11-25 23:42:31,COMPLETED
01JDJTHHN060BRP6T939MNE8T5,176,01JDG9F270C8DAYC5FV4Q06M8F,-45,11,-47,14,4,2024-11-25 23:29:40,2024-11-26 00:27:43,COMPLETED
01JDK0W05GMTWAT7DAFC7H9313,448,01JDH7NVQ0QP1M0WYSYGT11521,-43,-44,-54,-37,3,2024-11-26 01:20:14,2024-11-26 01:34:17,COMPLETED
01JDK0XWQ064FAPPW8VXAHEQJ0,115,01JDG7Y6QRS9TKVTAVVC62VFFZ,4,-22,-1,-38,3,2024-11-26 01:21:16,2024-11-26 01:34:19,COMPLETED
01JDK1D40R5JA1F3ZV8WNR2XX0,29,01JDGM711R0XYM5S8PG9MT64R7,-31,-3,-44,-7,4,2024-11-26 01:29:35,2024-11-26 01:41:38,COMPLETED
01JDK2SYK0E0KT58TA7W6QRRAZ,243,01JDGMMRG89WYRMRXTX1RSYY2N,24,17,11,19,3,2024-11-26 01:54:04,2024-11-26 02:18:07,COMPLETED
01JDK37K3RHYWXN34BANYNWDGY,247,01JDFWMEJ828Q9JBCW7PKWR5R6,-15,-12,-7,-23,4,2024-11-26 02:01:31,2024-11-26 02:08:34,COMPLETED
01JDK51KJ0ENDZBWQCH0CGQ08C,272,01JDH09BBGTS6NJ58BB7C50Q7V,24,22,43,25,2,2024-11-26 02:33:12,2024-11-26 03:07:15,COMPLETED
01JDK7CVRG9HP35KT3KA2KJX83,273,01JDFQDHR0ER76KTDBYKCM19BT,48,-42,37,-64,2,2024-11-26 03:14:18,2024-11-26 03:48:21,COMPLETED
01JDK8PDV09M68QSW7PHJDBG76,496,01JDHFNKA0NT0XKP5Z77VZ9B4S,-22,-20,-20,-37,5,2024-11-26 03:37:00,2024-11-26 03:47:03,COMPLETED
01JDKGJBBR3Q9AY3P1D8GJRH17,339,01JDFFVTCRFCWZS7C3CFS069ZH,15,42,15,37,5,2024-11-26 05:54:35,2024-11-26 06:03:38,COMPLETED
01JDKGYWQGY30ZA74PJANZY472,342,01JDFNZA88YFYGS6063R5CARR3,-35,-40,-48,-53,2,2024-11-26 06:01:26,2024-11-26 06:58:29,COMPLETED
01JDKJ31YRCB0MNKHRA4DYXR4R,354,01JDG82GE0QR7MQR61SEXA8W7J,-5,41,14,43,3,2024-11-26 06:21:11,2024-11-26 06:55:14,COMPLETED
01JDKJW5NG7QCDYPX54TE302H9,320,01JDFSPXD0JED9H63KKZN5YKTG,-28,-48,-28,-41,2,2024-11-26 06:34:54,2024-11-26 07:51:57,COMPLETED
01JDKMTXFG4T1086R6P350TGKT,207,01JDHW7KJ8G6KE13YXAN7KSWAN,-46,-46,-25,-51,3,2024-11-26 07:09:10,2024-11-26 07:33:13,COMPLETED
01JDKPF7A020699WSJT003HY0G,390,01JDHJANZ095C7KB99P023TSZA,-23,45,-26,25,2,2024-11-26 07:37:44,2024-11-26 08:01:47,COMPLETED
01JDKPSMA8KW9Q4PP641G7P9MQ,180,01JDGR8HJRD2ZKX8S95HZD6MJW,-31,-31,-36,-15,2,2024-11-26 07:43:25,2024-11-26 08:50:28,COMPLETED
01JDKPWQXRMZNXXX2HS5XJZAP8,392,01JDHVDMGG7ZKXGAVCK62ZK4H6,-26,15,-32,-14,3,2024-11-26 07:45:07,2024-11-26 08:30:10,COMPLETED
01JDKR8H9G48Q70GEGVVX5A9JV,401,01JDFHHWVRJV9P68AEWAB1QEW6,-42,12,-56,4,5,2024-11-26 08:09:02,2024-11-26 08:26:05,COMPLETED
01JDKVPNPRGWYD0HAAHSEHSY2M,119,01JDGGCB8R3YD65WB8QEMXG8HS,22,2,15,-21,2,2024-11-26 09:09:11,2024-11-26 09:27:14,COMPLETED
01JDKXZWFG66CTFSQK2W7E1DNK,444,01JDFTPSX8KFHT1YC1TZR2D0HJ,-45,42,-62,28,5,2024-11-26 09:49:10,2024-11-26 10:48:13,COMPLETED
01JDKZ6530M772PSGZKWPDCYA9,133,01JDH11XFRJNEYRPJVWQKEN0DY,-31,-34,-30,-8,3,2024-11-26 10:10:04,2024-11-26 10:53:07,COMPLETED
01JDM0TSN89Y82ST3N1SWJ80ZE,461,01JDGYS5BRD28RVBHA8P5MB7GN,1,-12,2,2,3,2024-11-26 10:38:49,2024-11-26 11:23:52,COMPLETED
01JDM1GPTRNKA388NP9Y1ZRKR4,468,01JDHGCPJ8SG27A2V9T98HEKA2,-26,-42,-21,-30,4,2024-11-26 10:50:47,2024-11-26 11:47:50,COMPLETED
01JDM4D6SGAJK50JPKEHX5P1KB,489,01JDG37JDRJWN4YS5K5GSYXP69,-10,-9,4,-7,3,2024-11-26 11:41:18,2024-11-26 11:56:21,COMPLETED
01JDM4WTSGDSWGKQHB9JMNGDQZ,105,01JDHGCPJ8SG27A2V9T98HEKA2,8,27,38,39,3,2024-11-26 11:49:50,2024-11-26 12:34:53,COMPLETED
01JDM5DG00N787TCCD10J4JPGH,495,01JDH393T09RCSDQXN9C192SMG,-36,4,-25,-6,2,2024-11-26 11:58:56,2024-11-26 12:09:59,COMPLETED
01JDM5EH6GA8BH0CYNEW62KD30,497,01JDGSKEM8QE2QDNP0MNZZP8CQ,-49,19,-33,15,2,2024-11-26 11:59:30,2024-11-26 12:25:33,COMPLETED
01JDMF18M8Q2YMG7MDFCKWW6ND,550,01JDG656GRDAEHMEXYA0AZA1WZ,15,-17,-18,-22,5,2024-11-26 14:47:01,2024-11-26 15:28:04,COMPLETED
01JDMGX4MR1NSA3ZQZ3WSA8EJ4,403,01JDHQV8BGBD3VVQ1F6Q5GHG55,31,-49,-8,-47,3,2024-11-26 15:19:43,2024-11-26 15:47:46,COMPLETED
01JDJ3TG105GTSDHN29PNRY84C,6,01JDGV9D68CBADARMD6H9BQ8KJ,4,-27,3,-47,2,2024-11-25 16:52:36,2024-11-25 17:01:39,COMPLETED
01JDJ7WC90JCAB6TRTPKQ30Q46,220,01JDH59BF887HY5P3W3RCN1857,-17,-39,-9,-45,4,2024-11-25 18:03:32,2024-11-25 18:45:35,COMPLETED
01JDJCZSRRFY3TMKNYBQ6C6YDG,296,01JDFM1TFG01NRWT038PTCEBN7,10,-7,3,-21,5,2024-11-25 19:32:47,2024-11-25 19:48:50,COMPLETED
01JDJDSF20W7KKDS1N2SJQ0D51,405,01JDHCFHP0VREMF3D5EZ8HXWR8,-46,2,-37,28,5,2024-11-25 19:46:48,2024-11-25 20:57:51,COMPLETED
01JDJFZ3JGE1W291SC8E33RYZE,106,01JDG5S1V874Q0X8291AP91VP6,38,-25,58,-11,3,2024-11-25 20:24:50,2024-11-25 20:39:53,COMPLETED
01JDJHCMKG43WV7N7MCX28RPMT,123,01JDGJJ4NGM0RZVQAQ62M35XN8,8,35,8,53,3,2024-11-25 20:49:42,2024-11-25 21:38:45,COMPLETED
01JDJJMSRGNPS9Q6SM2QZDCH98,14,01JDFW0BZRXHYR375VMF60NENY,31,-40,25,-22,2,2024-11-25 21:11:38,2024-11-25 21:49:41,COMPLETED
01JDJRD748ZBZVQFAT7ZYFVWPF,156,01JDFQXQAGGET383KRVXGKXQR9,48,-36,49,-4,4,2024-11-25 22:52:21,2024-11-25 23:32:24,COMPLETED
01JDJVDB9R2DN288VRJ0FXNQTS,215,01JDGBT0N0GMM9PPWCSY4QDB64,-23,-48,-5,-39,4,2024-11-25 23:44:51,2024-11-26 00:45:54,COMPLETED
01JDJZC2Z00622CS1QNW5P5KR2,209,01JDH2BX7R2DFXCM3Z2QYPYMMM,43,41,58,44,4,2024-11-26 00:54:04,2024-11-26 01:09:07,COMPLETED
01JDK17M7RJEYH7N6G2AJE66TS,305,01JDG31TTRS2P7CX55GRERVN7W,-25,-20,-6,1,5,2024-11-26 01:26:35,2024-11-26 01:47:38,COMPLETED
01JDK1ATS00D6BG8TS8DAJB6HQ,231,01JDHK3370KZFCNEH5JNWQ3RF5,-9,38,-4,52,2,2024-11-26 01:28:20,2024-11-26 01:57:23,COMPLETED
01JDK1B5GR573YWJTZVR7VQQ4C,51,01JDFH6WAGA8EEG0N6VPDRPCP7,-10,20,5,12,5,2024-11-26 01:28:31,2024-11-26 01:46:34,COMPLETED
01JDK4V1K8E7048R9X9N3JAQEA,321,01JDFWMEJ828Q9JBCW7PKWR5R6,-50,-6,-52,30,5,2024-11-26 02:29:37,2024-11-26 03:01:40,COMPLETED
01JDK6TJSRXJF5EZ201XNDV6FP,269,01JDHTJP6RAJM5T4D1WT1T050R,49,-48,49,-66,4,2024-11-26 03:04:19,2024-11-26 03:51:22,COMPLETED
01JDK8H2Y8WH3EJYY4Q1X0H00H,284,01JDGDZ8F8PZJX922SS5QNVD7M,34,40,50,39,4,2024-11-26 03:34:05,2024-11-26 03:53:08,COMPLETED
01JDKD061GEH0TTZ0T1Y5K1DZA,310,01JDGF0660JWM5CDD9CTZKKN86,-4,-28,-6,4,5,2024-11-26 04:52:14,2024-11-26 05:03:17,COMPLETED
01JDKF0018ZB8HN6YTJ7HTM1MS,321,01JDHWZR10JQNH8WADGXE2B5BG,-4,-47,-11,-62,5,2024-11-26 05:27:05,2024-11-26 06:21:08,COMPLETED
01JDKH6JTG0XNSC800NKJTR3Z3,503,01JDFFVTCRFCWZS7C3CFS069ZH,-39,-37,-41,-49,3,2024-11-26 06:05:38,2024-11-26 06:28:41,COMPLETED
01JDKKGNXG5BD2K0YNGFWAN10K,59,01JDGGVKHR20EV6S19FPQJ5NGE,27,-49,26,-56,3,2024-11-26 06:46:06,2024-11-26 07:10:09,COMPLETED
01JDKMFP3GRRPG55XJ3Y5WVVCW,373,01JDGYC3CRYEMBXBFRGXGFR181,-5,-23,0,-15,4,2024-11-26 07:03:02,2024-11-26 07:50:05,COMPLETED
01JDKN51PGRA37973CM4377Z30,378,01JDGBCZN814W0NXW13CYR18XZ,47,-13,58,-15,2,2024-11-26 07:14:42,2024-11-26 07:29:45,COMPLETED
01JDKP77EGS86B3JVDNF7S9K5E,385,01JDFRRTGGCCKGFA5JNMN8THJ8,-21,-48,-49,-51,3,2024-11-26 07:33:22,2024-11-26 08:53:25,COMPLETED
01JDKTGD38T1ZNNTN7DV3B10W3,417,01JDGM21W0Z2VN9008K3R0FNA1,4,-1,38,-1,4,2024-11-26 08:48:17,2024-11-26 08:58:20,COMPLETED
01JDKV2E80Y8KVGWH4VRSFTAWZ,154,01JDFHHWVRJV9P68AEWAB1QEW6,42,38,51,39,4,2024-11-26 08:58:08,2024-11-26 09:29:11,COMPLETED
01JDKVFJ5GQ7BTJ4VP6B15GAXJ,32,01JDGANPHGJ59H6FSW2E9A17BP,-49,48,-71,47,4,2024-11-26 09:05:18,2024-11-26 10:39:21,COMPLETED
01JDKWVQ88W1ES1A7ZCRQKPM52,430,01JDH7ZCD0YTK764S97JCB36A6,-16,-15,-44,-20,4,2024-11-26 09:29:25,2024-11-26 09:42:28,COMPLETED
01JDKXWC5RMTBC17SE6PB9YPCD,440,01JDGHF1M06NP00CNW23E212QE,2,24,20,-4,2,2024-11-26 09:47:15,2024-11-26 10:00:18,COMPLETED
01JDKXZWFGXBN589DER4B5DESE,444,01JDGC72M02NS31M9HXYTN3AN6,21,-24,-8,-3,2,2024-11-26 09:49:10,2024-11-26 10:06:13,COMPLETED
01JDKZ2RP849BZPEVJF5VMCN8D,166,01JDGC72M02NS31M9HXYTN3AN6,27,6,23,21,4,2024-11-26 10:08:13,2024-11-26 10:20:16,COMPLETED
01JDM2K89RE8ARPC5252843N53,477,01JDHRZW7GPADFNP0VED7Y36KD,27,-37,18,-48,3,2024-11-26 11:09:39,2024-11-26 11:21:42,COMPLETED
01JDM3GYG0WK4RC0VWQPHXAVXY,52,01JDGYS5BRD28RVBHA8P5MB7GN,10,-36,-8,-54,4,2024-11-26 11:25:52,2024-11-26 12:08:55,COMPLETED
01JDM3RBSRGKJSBRE5BQ7DTEHP,505,01JDGNPBPGZ93J26PTMDWDNR6G,-9,-43,-1,-40,4,2024-11-26 11:29:55,2024-11-26 11:51:58,COMPLETED
01JDM48N989AVJ1Z4C42EQEPS1,484,01JDFKQDF8J79C07FTFK4W3F3B,-50,28,-29,31,3,2024-11-26 11:38:49,2024-11-26 11:53:52,COMPLETED
01JDM6BFYRZ56Q3E87YZGRR1C4,27,01JDGY3B40ZQCKDJA11378RR1H,-33,-48,-41,-53,2,2024-11-26 12:15:19,2024-11-26 12:46:22,COMPLETED
01JDM9WK38VQNFJFYC1R42HDWE,335,01JDHD164GPKBEX1DEGX6S6EPR,49,10,77,11,4,2024-11-26 13:17:05,2024-11-26 13:55:08,COMPLETED
01JDMK1YSGNJEX0P1EDRETCDGC,559,01JDFMKWKGZ0AHDHVS375ESFA2,-40,-26,-29,-17,4,2024-11-26 15:57:18,2024-11-26 16:33:21,COMPLETED
01JDMK1YSGQ4KB9GAD7C1613GQ,559,01JDGQ21581T2B4FA4MRNHS3Y2,25,-27,9,-27,4,2024-11-26 15:57:18,2024-11-26 16:10:21,COMPLETED
01JDMN4210X5C956XQE6155VY3,456,01JDGQ21581T2B4FA4MRNHS3Y2,40,-47,68,-70,4,2024-11-26 16:33:24,2024-11-26 17:08:27,COMPLETED
01JDJ6DS28TNZ1QEQAQT0KJ4E4,32,01JDHTY8AG3JF1JK1YEEXR6F4T,-42,-23,-35,-50,2,2024-11-25 17:38:05,2024-11-25 17:48:08,COMPLETED
01JDJAT860X5XP5FHWJ722KM0D,41,01JDHWY76GT6K8X9J9BBDQCY5A,0,-43,-6,-28,4,2024-11-25 18:54:48,2024-11-25 19:09:51,COMPLETED
01JDJBPT805MFXQVAY0SQ6XV5R,77,01JDGRTZDRQD3G2HHS7ZE96JVK,14,-14,7,-13,5,2024-11-25 19:10:24,2024-11-25 19:27:27,COMPLETED
01JDJCGGGGECWPB4HCNBRRDN6N,258,01JDH6Z73GQ5V3QGDY8X9HG488,-9,0,2,-7,3,2024-11-25 19:24:26,2024-11-25 20:04:29,COMPLETED
01JDJCRAGGS4ZG3GM9RT3N6RTY,215,01JDFJ30Q0037J361FC7X4V0TA,2,-12,14,-36,3,2024-11-25 19:28:42,2024-11-25 20:04:45,COMPLETED
01JDJD1KCG8TK97X5NPEGDMS36,87,01JDG72JYGGAGF3HP5RVRA80DY,-22,-32,-5,-51,3,2024-11-25 19:33:46,2024-11-25 20:51:49,COMPLETED
01JDJDY0J8B1QZVKWGMC99ETS1,94,01JDHSK3F0G6XXHKRC0HG191TJ,29,43,46,50,4,2024-11-25 19:49:17,2024-11-25 20:25:20,COMPLETED
01JDJEX5MGPMW1KEM5DE7NCQ8H,68,01JDGZSW7RFWT9A80DZ3GF6G5Y,35,18,30,9,4,2024-11-25 20:06:18,2024-11-25 20:56:21,COMPLETED
01JDJK6F68Y8CYW6CN10CCQ1J6,129,01JDHGHDY0V1MFDJQJG11ES4W9,48,-12,28,-11,4,2024-11-25 21:21:17,2024-11-25 22:12:20,COMPLETED
01JDJM6VAG5GHA624YNZQTVV5N,236,01JDFTY58GMZGA4SB3HPJMJY8A,1,-38,28,-54,4,2024-11-25 21:38:58,2024-11-25 22:26:01,COMPLETED
01JDJP6CH09483SJ9EGTNG6RQ7,23,01JDFFT9J8JVCFVJAG4WN2B666,6,14,6,-9,2,2024-11-25 22:13:40,2024-11-25 22:24:43,COMPLETED
01JDJT4GN872D9Z7MJ065NB22M,263,01JDH4ZF289XQHMHHHMNDCQ7SP,-43,21,-66,5,3,2024-11-25 23:22:33,2024-11-25 23:43:36,COMPLETED
01JDK04R10NAXFZ7PA1AHHPM7Q,216,01JDG31TTRS2P7CX55GRERVN7W,-13,16,21,19,5,2024-11-26 01:07:32,2024-11-26 01:24:35,COMPLETED
01JDK06BS8WKDKZNVJ62VKZD8V,219,01JDFMFSR049R5F8CWC2AGRJND,-38,33,-36,47,5,2024-11-26 01:08:25,2024-11-26 01:23:28,COMPLETED
01JDK1EMV8FZ1A60YE7GBKJXQ0,232,01JDHFYY4G5MS7T17MPECC53J4,44,40,59,23,4,2024-11-26 01:30:25,2024-11-26 02:14:28,COMPLETED
01JDK24STR7RA66RBD3HFFN6YF,15,01JDFMFSR049R5F8CWC2AGRJND,-3,30,-14,42,4,2024-11-26 01:42:31,2024-11-26 01:52:34,COMPLETED
01JDK2HD509GVY96PHCERRR408,240,01JDHV7H6GJAVPY0K7XA82TW1S,17,13,14,33,3,2024-11-26 01:49:24,2024-11-26 02:00:27,COMPLETED
01JDK3FWQR8GGS0AHFN947M48Z,251,01JDFK55FRKFD8F0MGBEYNHXYJ,-14,-48,4,-63,4,2024-11-26 02:06:03,2024-11-26 02:31:06,COMPLETED
01JDK3PASG5KVQEWAHBGB1T2K3,440,01JDFTB9R0PCKWAJAZBSY6148B,3,-10,-6,-16,2,2024-11-26 02:09:34,2024-11-26 02:59:37,COMPLETED
01JDK3PNH88XNGBVZPKSV6QVTZ,257,01JDH6Q1CGKEJX69033CF5P8MB,-7,23,-17,-6,3,2024-11-26 02:09:45,2024-11-26 02:36:48,COMPLETED
01JDK3SAG0H4M78AV8FAF3QRMX,287,01JDGMDK0G06P7GMPE3ED26YEQ,-14,47,-25,60,4,2024-11-26 02:11:12,2024-11-26 02:47:15,COMPLETED
01JDK60MQ83KP4AC66TM1QQVQ7,502,01JDFK55FRKFD8F0MGBEYNHXYJ,49,34,45,26,4,2024-11-26 02:50:09,2024-11-26 03:12:12,COMPLETED
01JDK6CSCR8R28G4W32CMQ8VVX,267,01JDGD2MER79H8770CP38D1D2J,14,-21,34,-16,3,2024-11-26 02:56:47,2024-11-26 03:15:50,COMPLETED
01JDKB88ZGNWD1DQRKX67XEW4G,415,01JDG2E9TRPKS461EYXRJCCS0C,2,43,-38,43,5,2024-11-26 04:21:42,2024-11-26 04:37:45,COMPLETED
01JDKBYYJ8311C3KG83E8DDHSR,302,01JDGMW6S8T5BVJYDPBTC3TMFQ,-36,-10,-37,-40,5,2024-11-26 04:34:05,2024-11-26 05:19:08,COMPLETED
01JDKD061GRTD7ET4STA81K4BJ,310,01JDG6G62RGB2VJQR1EEP9H216,-9,-21,7,-24,4,2024-11-26 04:52:14,2024-11-26 05:04:17,COMPLETED
01JDKD31V0GF42SHPJZHWX9517,97,01JDG2E9TRPKS461EYXRJCCS0C,2,-1,-2,-21,2,2024-11-26 04:53:48,2024-11-26 05:05:51,COMPLETED
01JDKF0YA06WEG3GJQ05689XQG,323,01JDHH9Y3RT9NX3Q2JBFRCX8NN,10,10,-12,-9,5,2024-11-26 05:27:36,2024-11-26 05:57:39,COMPLETED
01JDKJ30ZGMRMR14MGBYJ5KSAD,14,01JDH9C6Z8ZZKQRME06R8GCSAF,-13,23,-10,20,2,2024-11-26 06:21:10,2024-11-26 06:44:13,COMPLETED
01JDKKSVVR1JPMWS340TWZ8X59,366,01JDHW7KJ8G6KE13YXAN7KSWAN,39,4,32,-1,5,2024-11-26 06:51:07,2024-11-26 07:07:10,COMPLETED
01JDKMDGRRCBNK8VGS0BXB5K39,370,01JDGAMZ3GPZCY3628P7WJBEJZ,-35,4,-48,-12,3,2024-11-26 07:01:51,2024-11-26 07:18:54,COMPLETED
01JDKMKQ0G1PQFYQRW0ZSXCRT6,280,01JDHHHDC0P5DXBSR2TY7ATMPF,-1,29,13,15,2,2024-11-26 07:05:14,2024-11-26 07:48:17,COMPLETED
01JDKPZTJ0PK3ZW0W8PNSENGTJ,358,01JDGBCZN814W0NXW13CYR18XZ,49,21,38,21,2,2024-11-26 07:46:48,2024-11-26 07:57:51,COMPLETED
01JDKSX2Y0P7BCDR6MVKFPCD3V,415,01JDGBZR80MM7254R0NT7R1QGC,31,0,57,-5,3,2024-11-26 08:37:44,2024-11-26 08:51:47,COMPLETED
01JDKXBF58GAX63RYH60EP837X,436,01JDFGF7FR2ABDR0TQQ68DZBZV,22,-23,23,-7,4,2024-11-26 09:38:01,2024-11-26 09:59:04,COMPLETED
01JDKXDVAR4P766V9CMS570KJZ,438,01JDH7ABHRJVN26B2JMB647AD8,7,-3,9,11,3,2024-11-26 09:39:19,2024-11-26 09:50:22,COMPLETED
01JDKXR7BRFTQH8WS21YXJYXK2,548,01JDH3RXNGRDMJD097QYVJ1GWE,-2,27,-7,20,4,2024-11-26 09:44:59,2024-11-26 10:08:02,COMPLETED
01JDKXWE48RBBKVB3MCF3W19HN,251,01JDGX34V822E1CW1FENGDRCBV,10,48,23,19,5,2024-11-26 09:47:17,2024-11-26 10:04:20,COMPLETED
01JDKYNNR0PA1S92E1CRB5FZFS,15,01JDFGF7FR2ABDR0TQQ68DZBZV,39,-15,57,7,4,2024-11-26 10:01:04,2024-11-26 10:16:07,COMPLETED
01JDKZ8H8GKQRVYTJP6MA3M603,509,01JDGF2V4R6DNCPQJH4262QK4M,6,0,25,16,3,2024-11-26 10:11:22,2024-11-26 10:34:25,COMPLETED
01JDM3EJAGZ5XG9D6ZJG56ZKXP,483,01JDFFNACGHDSW5JB8S4GF8423,-15,-11,-40,-19,3,2024-11-26 11:24:34,2024-11-26 11:42:37,COMPLETED
01JDM3WTC8CC84CGMX7FHSFRN5,405,01JDGQN9C00BRS9YBGMY4BVXB6,-25,-18,-37,0,3,2024-11-26 11:32:21,2024-11-26 12:07:24,COMPLETED
01JDM4AHTRX1C8VC1NBA0SS6E7,486,01JDFGQRXR0C4T3DFMS37GG7YG,-50,11,-69,3,2,2024-11-26 11:39:51,2024-11-26 12:01:54,COMPLETED
01JDM5DG007XAR9DNRPKSWEDTD,495,01JDGH6YTR08Z35XSHFEXB34YV,48,29,53,-4,2,2024-11-26 11:58:56,2024-11-26 12:30:59,COMPLETED
01JDM6TDG03865AK8FM0XJNVSQ,304,01JDGTSFDRS4ZPB0T1PYXQ38T5,8,43,24,43,5,2024-11-26 12:23:28,2024-11-26 12:40:31,COMPLETED
01JDM76ZV0D09YKTPE56HZSDH2,505,01JDFKF1WR5S48N2V9GN1466TD,-2,-46,1,-49,3,2024-11-26 12:30:20,2024-11-26 13:01:23,COMPLETED
01JDM8ABNRMZBT61DECRZYZ2J3,512,01JDHDBQ1RVBHJJJCAC6QAJ82W,28,-23,14,-13,4,2024-11-26 12:49:39,2024-11-26 13:41:42,COMPLETED
01JDMAK9N8EYH1DA48SSDZBQMA,525,01JDHG0QR8TWY1YEGQ1MY4F0ZZ,42,-36,54,-17,3,2024-11-26 13:29:29,2024-11-26 14:25:32,COMPLETED
01JDMEFCBR5NBEKKG13721F70A,549,01JDGKQ94RKXC82YFV7RJYFK19,-14,-13,-2,-9,3,2024-11-26 14:37:15,2024-11-26 15:02:18,COMPLETED
01JDJ878X880GENAK0FJXBVKPX,41,01JDH4S2Z0ZJ4Z0967Y7DY5TVR,-14,-38,-15,-76,3,2024-11-25 18:09:29,2024-11-25 18:36:32,COMPLETED
01JDJAJ0GGRSC4R8J3ZH3CE2MT,264,01JDHCQNEGGCJGNCRQ6C8JBMXY,2,-31,-14,-31,4,2024-11-25 18:50:18,2024-11-25 19:08:21,COMPLETED
01JDJBAGP86G0NADP1TRHT14XE,70,01JDFM1TFG01NRWT038PTCEBN7,-4,-26,12,-16,2,2024-11-25 19:03:41,2024-11-25 19:18:44,COMPLETED
01JDJC3PBG3BGH51E9V12RM9ZJ,284,01JDHJ3HEGTZTH8W595ZDN65YM,17,0,22,-14,2,2024-11-25 19:17:26,2024-11-25 19:54:29,COMPLETED
01JDJCPMSRKN8AHVF9S48FNPP1,2,01JDHW4D10THAYK3AP6GZZS50M,4,17,-12,18,2,2024-11-25 19:27:47,2024-11-25 19:54:50,COMPLETED
01JDJFBFMRPJZFG2PBE21R084E,99,01JDFJ6WQR5QMT57X4905AQY7B,24,11,-9,8,2,2024-11-25 20:14:07,2024-11-25 20:28:10,COMPLETED
01JDJG6JTRD2R9WB2548YTSWH5,107,01JDH94KT0Y3B8HET6TBHP683Q,48,12,61,18,5,2024-11-25 20:28:55,2024-11-25 20:43:58,COMPLETED
01JDJJXVSRZBSJPNMKG1EWHN4D,127,01JDH71HAGM03ZCG9AYQNJTMT9,27,41,32,62,3,2024-11-25 21:16:35,2024-11-25 21:32:38,COMPLETED
01JDJPBBPRE1YVM495AB57FET1,501,01JDHJ35QGPJB57B1ZM8X9D0JF,48,41,41,33,3,2024-11-25 22:16:23,2024-11-25 22:58:26,COMPLETED
01JDJQ54X0KJMRAPPNWWNFQQ23,151,01JDHW1R28N9KJ7WVB689FKSND,22,10,51,10,2,2024-11-25 22:30:28,2024-11-25 22:59:31,COMPLETED
01JDJQTHF8KDDW016DTPRR12D1,154,01JDFHQ8QRXRJBV1XBFXV0RDY5,42,26,42,33,3,2024-11-25 22:42:09,2024-11-25 22:52:12,COMPLETED
01JDJS747GD4685MK3KPHD3S59,164,01JDH4ZF289XQHMHHHMNDCQ7SP,41,33,44,20,3,2024-11-25 23:06:30,2024-11-25 23:20:33,COMPLETED
01JDJSZHFGW1NQZE3MMJKP34SD,170,01JDH8TNEG4BM5HNA1DXTXP02X,0,-36,-3,-26,3,2024-11-25 23:19:50,2024-11-25 23:35:53,COMPLETED
01JDJTVGZRG7MV5VJVDKM8HHCH,181,01JDFGSWA07DEJYG8FMKDAJ2CY,23,-2,19,-23,5,2024-11-25 23:35:07,2024-11-26 00:37:10,COMPLETED
01JDJXEN4RA1D6K3DGDKFY9DAT,510,01JDHKES7RVEJM2FM14E0N61M4,30,40,39,38,4,2024-11-26 00:20:31,2024-11-26 01:24:34,COMPLETED
01JDJY2HVR8MHJDZPTVPPB1HRV,195,01JDGSZQ6RE17SZH25336PH47X,-4,44,-6,16,3,2024-11-26 00:31:23,2024-11-26 00:44:26,COMPLETED
01JDJYEWCRFXRZAQ8QCY8GTKJ9,357,01JDH6951RR467D8V8ACW8XR3H,-47,-21,-48,-55,2,2024-11-26 00:38:07,2024-11-26 00:58:10,COMPLETED
01JDK03B3G5D3D0WTMKX3PJZA8,215,01JDHV2ZP8386B50HZTR48HREX,-6,24,-9,5,3,2024-11-26 01:06:46,2024-11-26 01:29:49,COMPLETED
01JDK3PNH8K36KVE4TNBKMRPZ5,257,01JDG1NYH82KFBCABGE0G3CC65,-47,15,-39,34,2,2024-11-26 02:09:45,2024-11-26 02:54:48,COMPLETED
01JDK3PNH8PYEKG3TTXTJSRJCR,257,01JDG9WKT03V6050ABXPANF8HQ,-7,-39,-13,-38,2,2024-11-26 02:09:45,2024-11-26 02:28:48,COMPLETED
01JDK5KZEGMS0MY1WYWNZJ4ZNW,263,01JDHDSS80G3A469PKA8HXA9M3,25,0,-4,-2,5,2024-11-26 02:43:14,2024-11-26 02:53:17,COMPLETED
01JDK6A1G8TD4NQTQAFF5CJ6H7,356,01JDHDSS80G3A469PKA8HXA9M3,-25,-6,-21,-23,3,2024-11-26 02:55:17,2024-11-26 03:04:20,COMPLETED
01JDK8GFD84YP294SW1Z9ESVGG,282,01JDG2C3GR60VCRN3F87HK0KRM,10,-43,10,-49,2,2024-11-26 03:33:45,2024-11-26 03:39:48,COMPLETED
01JDKC9AK8TV8F7DM00H2MCSPX,57,01JDG2E9TRPKS461EYXRJCCS0C,-20,12,-28,5,3,2024-11-26 04:39:45,2024-11-26 04:51:48,COMPLETED
01JDKF00181JG3STF7FH89SNBP,320,01JDGJ9X00642A55SMY0Q7V7RR,21,37,11,27,2,2024-11-26 05:27:05,2024-11-26 06:15:08,COMPLETED
01JDKF0018BY1CECWYWVPH44JD,320,01JDGA8FP8FAGPKV01EE2WY58P,39,19,31,20,3,2024-11-26 05:27:05,2024-11-26 05:56:08,COMPLETED
01JDKF3Q5RKD5QECX656V41AXA,324,01JDH9C6Z8ZZKQRME06R8GCSAF,12,-20,-11,-10,3,2024-11-26 05:29:07,2024-11-26 06:19:10,COMPLETED
01JDKFCT685YNAKG6FQ9EG2727,329,01JDGDAS6GM14P09XWYWAF7SWV,-4,-48,13,-61,2,2024-11-26 05:34:05,2024-11-26 06:09:08,COMPLETED
01JDKGP4ER73AW5X8X6C123XTZ,420,01JDG9H9G8FS6TY2Y188BT3ACG,14,-38,3,-49,5,2024-11-26 05:56:39,2024-11-26 06:30:42,COMPLETED
01JDKJQACRM5ZTBCKBG620WF0Q,358,01JDGPY17G22PX199Y6Q0CK1YF,-36,19,-57,16,4,2024-11-26 06:32:15,2024-11-26 06:52:18,COMPLETED
01JDKM528G3GF7PNXEV75X4ZMF,417,01JDG82GE0QR7MQR61SEXA8W7J,-33,-8,-46,5,3,2024-11-26 06:57:14,2024-11-26 07:41:17,COMPLETED
01JDKN51PGDF5QZC2VNNAP0WQJ,379,01JDGKAE0GFR1NHYJARFMWP4G0,-8,-16,-11,-43,5,2024-11-26 07:14:42,2024-11-26 08:05:45,COMPLETED
01JDKTH5GGJ23QH0PD0AXAN9SH,419,01JDG3C3Y00CP2TR5SVKYHB3FV,-23,-45,-8,-19,5,2024-11-26 08:48:42,2024-11-26 09:19:45,COMPLETED
01JDKZNH90X81BRPBGF4BJAZV9,452,01JDGABHB8HYACJ9ZM66Q97BYP,39,14,36,1,5,2024-11-26 10:18:28,2024-11-26 10:45:31,COMPLETED
01JDKZZGKRPSJB0XRBVA50YMRP,454,01JDHF1MMGPZZ983R6Z21V35AJ,-3,1,1,27,5,2024-11-26 10:23:55,2024-11-26 10:36:58,COMPLETED
01JDM35YY0P8RT6239H4A6P0T6,411,01JDGTQQRG1EE3DYKC1ZB5BQNW,-29,11,-8,10,2,2024-11-26 11:19:52,2024-11-26 12:29:55,COMPLETED
01JDM49JJRQKK4ZD9093YBSN9C,485,01JDHFJYB81623BJ40DPY9G6B3,32,0,36,-21,4,2024-11-26 11:39:19,2024-11-26 11:58:22,COMPLETED
01JDM5DG00TE3MKSW6G3T596M7,496,01JDGFSZC8JGWPCR48CSKCQFBY,-43,-20,-54,-34,4,2024-11-26 11:58:56,2024-11-26 12:13:59,COMPLETED
01JDM6J6SRZ1B2QDE0MN9ZVZCH,502,01JDHD164GPKBEX1DEGX6S6EPR,-21,16,-51,17,3,2024-11-26 12:18:59,2024-11-26 12:49:02,COMPLETED
01JDM75E186HK10CT07YZ58AWY,504,01JDGBXQSGCKDDRRE184N7K7G5,38,-18,52,-18,5,2024-11-26 12:29:29,2024-11-26 12:46:32,COMPLETED
01JDM88A80HENCSX20JW622YGH,550,01JDGBXQSGCKDDRRE184N7K7G5,4,-34,-7,-55,3,2024-11-26 12:48:32,2024-11-26 13:10:35,COMPLETED
01JDMA2FJG9AVFZ5F6DQ0BJ0TC,521,01JDHBD538T6DHPXJ3NRYPCTKD,-24,-45,-38,-42,5,2024-11-26 13:20:18,2024-11-26 13:41:21,COMPLETED
01JDMB6FXG4TRT794VSA5A4ZXM,530,01JDGRPZG0PB0CXXH4Y96QY26S,47,35,59,63,5,2024-11-26 13:39:58,2024-11-26 14:52:01,COMPLETED
01JDMC67HGG2KQ81RXXZW58J9D,532,01JDGFWW5059K285X303GX1F4S,16,-1,25,-7,5,2024-11-26 13:57:18,2024-11-26 14:25:21,COMPLETED
01JDMFG938MEJ3YW4XDX0AXDHM,554,01JDGJ4J38Y3WPDDP6MRYXFT83,48,-27,42,-27,3,2024-11-26 14:55:13,2024-11-26 15:51:16,COMPLETED
01JDJ39YQGEWSXD2XNYTBJTWTV,5,01JDGEKKV0J0S5KS9C852QYCK3,-17,-47,-18,-73,5,2024-11-25 16:43:34,2024-11-25 17:11:37,COMPLETED
01JDJ4V7W8VRS3R40YWTFJ8M1H,19,01JDHD88PGZ50M7CWF2TTD1N27,43,22,43,7,4,2024-11-25 17:10:29,2024-11-25 17:59:32,COMPLETED
01JDJ95218Q1MMZJM12X6KDRRV,48,01JDHWY76GT6K8X9J9BBDQCY5A,-28,-36,-24,-58,2,2024-11-25 18:25:45,2024-11-25 18:52:48,COMPLETED
01JDJB0JARJH768K114TH86FR9,68,01JDGYH1K8SSD5N6BZ0VVFDP3D,18,-37,27,-38,2,2024-11-25 18:58:15,2024-11-25 19:42:18,COMPLETED
01JDJC4KN0J63YS4YJ0W09ZCH1,346,01JDG85TW8NG9K7CC6RRNRA8Y3,41,31,13,33,4,2024-11-25 19:17:56,2024-11-25 19:35:59,COMPLETED
01JDJCJXN8MTA19BCC48K1EDQA,83,01JDG3T648JRY7X3FECWKEP5ZR,36,20,51,21,4,2024-11-25 19:25:45,2024-11-25 20:06:48,COMPLETED
01JDJF9SY0AMMM76KR79PQZK88,199,01JDGP425REBSQG9N10JZ4Q4F1,32,15,40,14,4,2024-11-25 20:13:12,2024-11-25 20:21:15,COMPLETED
01JDJG9DN04QBKZDX32XBY8A0F,110,01JDHT1GD0TDG7JV2NS3TSQTSB,23,-45,51,-30,2,2024-11-25 20:30:28,2024-11-25 21:09:31,COMPLETED
01JDJHZC70ST3JFK1EGJCMND3Z,340,01JDG5S1V874Q0X8291AP91VP6,5,-12,15,-7,3,2024-11-25 20:59:56,2024-11-25 21:08:59,COMPLETED
01JDJJGVS8BNC6CK3XVDBTV0GT,263,01JDGSWRFGS5TKN25GZ5MNN4MW,-13,-28,-36,-40,4,2024-11-25 21:09:29,2024-11-25 21:43:32,COMPLETED
01JDJKBAF0WX40F23E2PGFDWYA,130,01JDGFHGW0Z32WC9Z8ZFZ43SV4,13,46,22,42,2,2024-11-25 21:23:56,2024-11-25 21:48:59,COMPLETED
01JDJMQ6RGMZ2CFHY3GRYG91EP,77,01JDHCFHP0VREMF3D5EZ8HXWR8,3,7,-11,15,3,2024-11-25 21:47:54,2024-11-25 22:46:57,COMPLETED
01JDJTATT08CQR97K312NF4FF8,355,01JDHCFHP0VREMF3D5EZ8HXWR8,35,0,46,17,5,2024-11-25 23:26:00,2024-11-26 00:08:03,COMPLETED
01JDJTPXH04S74RVHK9QV3EC0N,180,01JDHM4TA81FSN7HB9XVMQSMX0,26,-18,-3,-17,4,2024-11-25 23:32:36,2024-11-25 23:46:39,COMPLETED
01JDJWHEJG49KJKEVT4VGTQD2K,157,01JDHJ2P3GP18KD0981ZJQMZZR,23,-33,25,-30,5,2024-11-26 00:04:34,2024-11-26 00:35:37,COMPLETED
01JDJX3JN04YPM1BXJ198QZ0MR,447,01JDGVNB10C3F1XDRDCEQVWN3A,-23,-3,-21,-6,4,2024-11-26 00:14:28,2024-11-26 00:30:31,COMPLETED
01JDJZC2Z05BFZRN5314J1JM7W,209,01JDG2N9F0ES4AP1W6FK2J36BK,46,36,33,28,3,2024-11-26 00:54:04,2024-11-26 01:14:07,COMPLETED
01JDK1TSGR4F75GK08FR01MPCB,234,01JDHJ82YRJWXT1M6S5ZJBSG8Y,6,29,14,30,2,2024-11-26 01:37:03,2024-11-26 02:01:06,COMPLETED
01JDK31DV8DPX6109S12CXHEJP,245,01JDFY2E80H35AENATB46XSCB2,-23,30,-32,28,5,2024-11-26 01:58:09,2024-11-26 02:18:12,COMPLETED
01JDK3FWQR13XDX3KBDYC7N8D7,251,01JDGXEYS0S4ATK7V189P9SCMK,42,-41,39,-32,4,2024-11-26 02:06:03,2024-11-26 02:33:06,COMPLETED
01JDK65TQR5FV9VRXJN2ZX1YA1,266,01JDHNCZF8NERVS4JQ6VG3BF3E,-35,-3,-44,-4,3,2024-11-26 02:52:59,2024-11-26 03:08:02,COMPLETED
01JDKAA728ATNC30E01QYPFKT4,328,01JDGJBGR869BEHSKVV3XWGD1Y,38,-2,47,-17,2,2024-11-26 04:05:17,2024-11-26 04:25:20,COMPLETED
01JDKCY4KRSW2BKGN4ER018ZEX,309,01JDHVQYK0BM3GPDABKJBJWNP0,-10,11,9,15,5,2024-11-26 04:51:07,2024-11-26 06:03:10,COMPLETED
01JDKE0YW09XNJQ4JPYTB550D7,445,01JDHHHDC0P5DXBSR2TY7ATMPF,-21,-15,-33,12,3,2024-11-26 05:10:08,2024-11-26 06:37:11,COMPLETED
01JDKF61CRP2FJSSHVCFJWQN6D,468,01JDGW0CHG4KP6RDB8GG8YYXVQ,33,31,27,55,3,2024-11-26 05:30:23,2024-11-26 05:46:26,COMPLETED
01JDKKGWR8VH11VPFB9XYK102Z,514,01JDH9C6Z8ZZKQRME06R8GCSAF,-45,-31,-30,-2,4,2024-11-26 06:46:13,2024-11-26 07:53:16,COMPLETED
01JDKKT5M8QGT81PAKM1G5C5V1,534,01JDGJJCFGYZFXE4XG8M7WJW77,-24,37,-28,40,5,2024-11-26 06:51:17,2024-11-26 08:01:20,COMPLETED
01JDKMFBBR4X91TXAEPWQNEY3J,372,01JDHB1C4R9HQ7Y4YBE0E4VKRK,-39,49,-4,51,2,2024-11-26 07:02:51,2024-11-26 07:15:54,COMPLETED
01JDKMFBBR8DKWCTAHXKFDB3RF,372,01JDG5FVX0N8SNZCFMV5YB5HJZ,42,-30,48,-11,4,2024-11-26 07:02:51,2024-11-26 07:23:54,COMPLETED
01JDKRENJR4TA2PZS01TPXB9S2,403,01JDH0RZBGZFRNFM79N1SSM99A,8,8,15,5,5,2024-11-26 08:12:23,2024-11-26 08:20:26,COMPLETED
01JDKZ5CNRR3483DR5HKEATZM4,446,01JDGPT19REQAFNAHNENJ9WEEJ,17,-7,4,-6,3,2024-11-26 10:09:39,2024-11-26 10:23:42,COMPLETED
01JDKZKJS0A239M84ARJVPNFEM,532,01JDHTV0T0WYQMZ23FFHDRXA2A,3,14,-10,-3,2,2024-11-26 10:17:24,2024-11-26 11:16:27,COMPLETED
01JDKZNN606FGGTJPBHNP38YYH,293,01JDHKHG50W9V45FQFM94EW1F9,-20,-36,-20,-44,3,2024-11-26 10:18:32,2024-11-26 11:20:35,COMPLETED
01JDM03CMG7KSR2BMANSS77WYM,5,01JDH3EXBG24A365WVF5N5PD6X,38,-10,67,-14,3,2024-11-26 10:26:02,2024-11-26 11:24:05,COMPLETED
01JDM1A7SREHPRJYB0KVGR3EQQ,467,01JDH4S5WRMG7QBQHWB6TNSJFF,15,-43,35,-39,5,2024-11-26 10:47:15,2024-11-26 11:26:18,COMPLETED
01JDM4YGG86QA9ZW7P319HEFJ4,308,01JDHRZW7GPADFNP0VED7Y36KD,4,-29,36,-23,2,2024-11-26 11:50:45,2024-11-26 12:22:48,COMPLETED
01JDM5FY40ZCRQAV13482B27R3,5,01JDGY3B40ZQCKDJA11378RR1H,47,31,73,30,2,2024-11-26 12:00:16,2024-11-26 12:13:19,COMPLETED
01JDM7BV3RERRD60VKQ56AER0E,235,01JDGH6YTR08Z35XSHFEXB34YV,44,-22,73,-28,4,2024-11-26 12:32:59,2024-11-26 13:07:02,COMPLETED
01JDM8WCTGBR0EVPFB3SGW11MW,515,01JDGNKDYG3MNPMTNYZPA8VWFX,-16,42,-22,32,3,2024-11-26 12:59:30,2024-11-26 13:09:33,COMPLETED
01JDMDM3A83EGC4C8S1ZV5GBT7,300,01JDH0SD108S2R1M39JC627QG0,20,-11,26,-1,2,2024-11-26 14:22:21,2024-11-26 14:53:24,COMPLETED
01JDMEFCBRJHKS8GMHHNXM5F5D,548,01JDG0J8Y0GZ9MJD83KEF9EWXJ,38,15,38,8,4,2024-11-26 14:37:15,2024-11-26 14:51:18,COMPLETED
01JDMFDT00K4XJ4TMTZR13XXQE,553,01JDHB13BG62ZW5ZFCJ2YC9YH0,15,20,16,49,2,2024-11-26 14:53:52,2024-11-26 15:17:55,COMPLETED
01JDMGXGBR6ZE0GHY6KBQ4VFVT,467,01JDHB13BG62ZW5ZFCJ2YC9YH0,10,-17,16,-37,4,2024-11-26 15:19:55,2024-11-26 15:54:58,COMPLETED
01JDJ77CD0GD58KY0RDNGT5KSS,36,01JDHBC3WR8WY7YR990CPZ2N16,38,7,47,-10,3,2024-11-25 17:52:04,2024-11-25 18:16:07,COMPLETED
01JDJBAGP87ZGGMA2N19EBA3TT,70,01JDHFXVYRM5S46A9QC2YRNYFB,-12,-2,5,3,4,2024-11-25 19:03:41,2024-11-25 19:17:44,COMPLETED
01JDJBCE70KZHNA23W1JQVK6Y6,72,01JDFXJHERK5P0FCGFKQRZZ1RK,3,-4,3,-9,5,2024-11-25 19:04:44,2024-11-25 19:42:47,COMPLETED
01JDJC196RNC4CNMY84P2XFC95,284,01JDG24W2G3J82DV8TH84R3YQA,19,34,17,45,3,2024-11-25 19:16:07,2024-11-25 19:55:10,COMPLETED
01JDJDY0J8FF5CZ4Y38S2X3B58,94,01JDHJ35QGPJB57B1ZM8X9D0JF,-25,10,-58,11,2,2024-11-25 19:49:17,2024-11-25 20:35:20,COMPLETED
01JDJEBS00Q9KHC9R14MBF5HAV,437,01JDGQYH8R5GR92NGK5AGBRHEQ,-8,25,1,41,5,2024-11-25 19:56:48,2024-11-25 20:10:51,COMPLETED
01JDJGJBS8A3C76XDXCXSTQXRW,474,01JDFM2B2R13V0ZRE4P7YNVVRT,17,4,21,27,5,2024-11-25 20:35:21,2024-11-25 21:08:24,COMPLETED
01JDJGR0EGG6NV63QWREG68239,119,01JDH2W5R0REEGXNVWXWC3YW8H,40,-17,40,13,2,2024-11-25 20:38:26,2024-11-25 20:51:29,COMPLETED
01JDJHVF70WZ8EGE450976RGA1,457,01JDH3RG00JRM4T0BCE3XJKNWX,-25,-16,-57,-16,3,2024-11-25 20:57:48,2024-11-25 21:30:51,COMPLETED
01JDJMJW309P3VS3BB2J877YX3,110,01JDGSWRFGS5TKN25GZ5MNN4MW,-6,48,-3,60,2,2024-11-25 21:45:32,2024-11-25 22:32:35,COMPLETED
01JDJN1A08XT2A0QSPV0W5NXAN,140,01JDGFN52RS8FZZ0RG9G4FNGG0,47,-22,29,-1,3,2024-11-25 21:53:25,2024-11-25 22:15:28,COMPLETED
01JDJQ7A7RYDG3YBEPS4QJJDXE,310,01JDHTES6RQH1HBQ78GBE6MWN8,-30,44,-22,55,2,2024-11-25 22:31:39,2024-11-25 22:52:42,COMPLETED
01JDJRY07RNMAYV1RWCD7NW70Z,99,01JDHW1R28N9KJ7WVB689FKSND,7,43,-4,38,3,2024-11-25 23:01:31,2024-11-25 23:50:34,COMPLETED
01JDJZDDY0NBJ3WNQ0FTTWBR92,117,01JDHM4TA81FSN7HB9XVMQSMX0,23,15,34,34,5,2024-11-26 00:54:48,2024-11-26 01:15:51,COMPLETED
01JDJZWV38CC39WD58WMKCHYGH,211,01JDGJ392RQEVY1FPTYHZK3CCZ,-37,-26,-27,-8,5,2024-11-26 01:03:13,2024-11-26 01:25:16,COMPLETED
01JDK29TZ09VT0GCGE9RXYRPD5,473,01JDHQVE70SFDYBVXE2793EYH2,-2,-7,-6,-26,4,2024-11-26 01:45:16,2024-11-26 02:17:19,COMPLETED
01JDK33P3R516XFJCH15A4PWF4,276,01JDHK3370KZFCNEH5JNWQ3RF5,46,40,39,22,3,2024-11-26 01:59:23,2024-11-26 02:31:26,COMPLETED
01JDK37K3R36RTBNJDB86C5PT5,246,01JDGB8NZ01B8NFXEH17H1F5AG,33,12,36,-16,2,2024-11-26 02:01:31,2024-11-26 02:33:34,COMPLETED
01JDK399SRYDZVASZEDYBHFPHA,410,01JDHV7H6GJAVPY0K7XA82TW1S,-38,1,-43,20,4,2024-11-26 02:02:27,2024-11-26 02:20:30,COMPLETED
01JDK49SV0598JVNZXZJAK3N57,76,01JDFY2E80H35AENATB46XSCB2,16,30,23,43,2,2024-11-26 02:20:12,2024-11-26 02:46:15,COMPLETED
01JDK7DYXGB3TT7CZZEEP7059C,275,01JDHFNKA0NT0XKP5Z77VZ9B4S,13,-27,17,-26,4,2024-11-26 03:14:54,2024-11-26 03:24:57,COMPLETED
01JDK8GFD8YJHJPFQQ4QJV19K0,283,01JDGJVMC86FW9DBNSWAF2N09Q,41,16,37,9,2,2024-11-26 03:33:45,2024-11-26 03:43:48,COMPLETED
01JDK9CFWR64XYM592VF3XG3KD,341,01JDHFNKA0NT0XKP5Z77VZ9B4S,21,25,1,32,5,2024-11-26 03:49:03,2024-11-26 04:18:06,COMPLETED
01JDKGQS689DMEVQECNC52A0PG,341,01JDH424K0W033MVGQN6RBZT73,37,-43,56,-41,3,2024-11-26 05:57:33,2024-11-26 06:36:36,COMPLETED
01JDKK40MR2ZWGMCY2YGYPWK3H,226,01JDHHHDC0P5DXBSR2TY7ATMPF,-31,25,-36,47,5,2024-11-26 06:39:11,2024-11-26 07:03:14,COMPLETED
01JDKP48Q8P99CYCDGR40WMD44,311,01JDGBCZN814W0NXW13CYR18XZ,42,-43,42,-19,5,2024-11-26 07:31:45,2024-11-26 07:44:48,COMPLETED
01JDKP8BJRD8CX3JEJ9P4PNYXQ,431,01JDFF0T4G7TXSR2S5PKRAC3HK,30,-11,37,5,4,2024-11-26 07:33:59,2024-11-26 07:47:02,COMPLETED
01JDKPZAY0BSJ74VZ4FSBSG9GN,395,01JDFEXJM006PH4C1EVHJ31QMV,46,10,66,10,5,2024-11-26 07:46:32,2024-11-26 08:04:35,COMPLETED
01JDKPZAY0X3ZRXN6WDP3K0QC8,395,01JDGJ2GNG0BHVN515PK30QKJP,-11,-20,-19,-15,5,2024-11-26 07:46:32,2024-11-26 07:57:35,COMPLETED
01JDKRENJRMVJRZHAGVPDE3G5X,403,01JDHKHG50W9V45FQFM94EW1F9,40,-9,17,-16,3,2024-11-26 08:12:23,2024-11-26 09:06:26,COMPLETED
01JDKTHN4GYP9FFPG62XGVYBS2,421,01JDH4TFWG7DGM6K56726PT54N,-29,-28,-44,-39,4,2024-11-26 08:48:58,2024-11-26 10:03:01,COMPLETED
01JDKVN9RGNA1QCT9QRNHESF6T,90,01JDHKHG50W9V45FQFM94EW1F9,-4,37,-2,53,3,2024-11-26 09:08:26,2024-11-26 09:41:29,COMPLETED
01JDKWPBC85SWWRARFMT46KAFV,428,01JDGV2DJ0RK6ET6SBBHZ8SWS5,8,2,19,-11,5,2024-11-26 09:26:29,2024-11-26 09:37:32,COMPLETED
01JDKWPBC8KZBWN3JM9SRVKMT8,429,01JDFW3KG85MD0ZDH9Y3XP1HQP,2,6,-6,-7,4,2024-11-26 09:26:29,2024-11-26 09:56:32,COMPLETED
01JDKX42TRKCFH3GSAEEBRB5EX,209,01JDH3EXBG24A365WVF5N5PD6X,-31,-46,-48,-59,4,2024-11-26 09:33:59,2024-11-26 10:24:02,COMPLETED
01JDKXBF58YG7SGCSNYPB8SSZR,436,01JDH11XFRJNEYRPJVWQKEN0DY,26,-3,17,13,4,2024-11-26 09:38:01,2024-11-26 10:08:04,COMPLETED
01JDKYDC400NT6YEJPA6DA2N7J,489,01JDGX9SQRJG3Y8KCBRGB9VKX3,1,37,35,33,5,2024-11-26 09:56:32,2024-11-26 10:40:35,COMPLETED
01JDM0X3W85N5YCX4ZDZNK90YP,464,01JDHMWWTG90NYQWJXY3DTKVXA,10,-25,22,-12,4,2024-11-26 10:40:05,2024-11-26 11:23:08,COMPLETED
01JDM224EGMJN5SG8HJ4P06ZYD,472,01JDHK2YARQZ9DQWEC05K8Z0FW,33,-36,19,-31,2,2024-11-26 11:00:18,2024-11-26 11:21:21,COMPLETED
01JDM28BNG5G1JJB6YXCTNNY2C,177,01JDHDJFV8H77NW06SQZSP9B41,-44,-39,-71,-43,4,2024-11-26 11:03:42,2024-11-26 12:16:45,COMPLETED
01JDM2XDG0RTAGFDAY6QGYVXWR,390,01JDFQGPAR50QP3FK0NRCGBE14,-16,43,-46,47,4,2024-11-26 11:15:12,2024-11-26 12:30:15,COMPLETED
01JDM5X030DKHWEGKHX39PEYWM,140,01JDFWX0ZG4JRGT50VP2JEYTZ5,15,-48,-3,-54,3,2024-11-26 12:07:24,2024-11-26 12:31:27,COMPLETED
01JDM63E4R3059F2P10FGZ6B93,435,01JDGYS5BRD28RVBHA8P5MB7GN,-40,0,-52,-17,5,2024-11-26 12:10:55,2024-11-26 13:10:58,COMPLETED
01JDM6Y1PR354TPRF9WYX2KZGB,374,01JDG37JDRJWN4YS5K5GSYXP69,-48,-8,-68,-24,3,2024-11-26 12:25:27,2024-11-26 12:49:30,COMPLETED
01JDM9R7EGY8QPXQFRVJF529ZQ,343,01JDH8ECW01ZG29SYNR2SHDJXB,34,-39,28,-62,4,2024-11-26 13:14:42,2024-11-26 13:34:45,COMPLETED
01JDMC67HGCJ08SPW0MHA70PH6,532,01JDH0SD108S2R1M39JC627QG0,-9,27,-27,11,5,2024-11-26 13:57:18,2024-11-26 14:20:21,COMPLETED
01JDJ534T0GPZEGHQNKC1NSEXM,20,01JDGCKNY8QT86YQ0H2YN8FZBQ,-45,37,-67,56,4,2024-11-25 17:14:48,2024-11-25 17:48:51,COMPLETED
01JDJ534T0Z78E7JWHZQ823X7Z,20,01JDG4F238M68126NRX6MH1Y96,-11,-25,-30,-27,2,2024-11-25 17:14:48,2024-11-25 17:28:51,COMPLETED
01JDJ60H7R30NWRVP3DFYDN1TE,242,01JDG4F238M68126NRX6MH1Y96,49,6,71,6,2,2024-11-25 17:30:51,2024-11-25 18:18:54,COMPLETED
01JDJ8GRM08TF1HYD2NWCF1FQG,301,01JDH4XGJ8VDER59WZJ7ERPQ2Z,35,-23,69,-14,3,2024-11-25 18:14:40,2024-11-25 18:29:43,COMPLETED
01JDJ95218CHNMFXMRTH9T2EJM,47,01JDGP1E68X1036QJ01AA0DED5,-41,21,-28,21,3,2024-11-25 18:25:45,2024-11-25 18:32:48,COMPLETED
01JDJ9PVC0QE3S3JEZDHH54AF4,60,01JDG7P6W8HZQAVF9ZVES6EMMW,16,-6,-11,0,4,2024-11-25 18:35:28,2024-11-25 19:44:31,COMPLETED
01JDJ9TEKGS53D9WZJB8975CRR,62,01JDFW0BZRXHYR375VMF60NENY,-10,-34,-15,-47,4,2024-11-25 18:37:26,2024-11-25 19:02:29,COMPLETED
01JDJA4920MJHH546NE1DYCEN9,505,01JDGSMCX0T1PQ6SN4PV7BZPG3,-48,-4,-62,-5,5,2024-11-25 18:42:48,2024-11-25 19:27:51,COMPLETED
01JDJAVZV8GF322ARYJCC92VDE,66,01JDHCFHP0VREMF3D5EZ8HXWR8,22,-48,22,-31,4,2024-11-25 18:55:45,2024-11-25 19:44:48,COMPLETED
01JDJFZZWR9S0CB56NTDVHAM4X,374,01JDH6951RZ34E2ND71HA607K1,38,11,27,-17,5,2024-11-25 20:25:19,2024-11-25 21:35:22,COMPLETED
01JDJGBRV8840X2ZHTJJMAGECF,497,01JDH939T8DH20B6CFNEW1575T,-18,-38,-23,-57,4,2024-11-25 20:31:45,2024-11-25 21:11:48,COMPLETED
01JDJS747GGJNE05KZN24CWFGB,164,01JDH6SV7GTGSYYXV294PYDS7Z,12,0,6,28,5,2024-11-25 23:06:30,2024-11-25 23:32:33,COMPLETED
01JDJSZHFGANF6V7MPEVKY0XQH,170,01JDHVRC8GBQDJ7NCA4T0RW21Q,-24,-3,-9,-27,5,2024-11-25 23:19:50,2024-11-26 00:26:53,COMPLETED
01JDJT4TDRYHFJWWVB1YJ14WZ0,181,01JDGXA7D8XNK7G3QH97SSCMWW,-24,-5,-51,-10,5,2024-11-25 23:22:43,2024-11-25 23:50:46,COMPLETED
01JDJWKB40CG7KY9DKANF9360M,495,01JDH6SV7GTGSYYXV294PYDS7Z,25,29,13,61,3,2024-11-26 00:05:36,2024-11-26 00:52:39,COMPLETED
01JDJWSP80J3Y4YFZ3MDA4B15Y,189,01JDH6951RR467D8V8ACW8XR3H,-42,-33,-58,-63,2,2024-11-26 00:09:04,2024-11-26 00:36:07,COMPLETED
01JDK06BS8MX5FPXBW4XPYWSV9,218,01JDHTPJ7GB6WA5F06NYBPDV46,14,-21,8,0,4,2024-11-26 01:08:25,2024-11-26 01:21:28,COMPLETED
01JDK17K8GHZYPX3RH9EJ2A5GW,120,01JDHKES7RVEJM2FM14E0N61M4,19,17,20,21,4,2024-11-26 01:26:34,2024-11-26 01:52:37,COMPLETED
01JDK318Z0JKJJ23G2EKQEYVMP,511,01JDFX3G0GFR14N1AJF7KR9Y90,-38,-8,-10,-2,5,2024-11-26 01:58:04,2024-11-26 03:23:07,COMPLETED
01JDK47Y8R2KSM4H4993Q3K001,258,01JDGHCBP02TWWRE35F4FGPMKR,15,-4,32,6,3,2024-11-26 02:19:11,2024-11-26 02:53:14,COMPLETED
01JDK51DPGCCWJW38YM61GDVSN,406,01JDFK55FRKFD8F0MGBEYNHXYJ,-16,-9,-27,-10,4,2024-11-26 02:33:06,2024-11-26 02:48:09,COMPLETED
01JDK7CNX0KWWXJR79WYW97H9D,267,01JDFK55FRKFD8F0MGBEYNHXYJ,14,-34,25,-30,3,2024-11-26 03:14:12,2024-11-26 03:32:15,COMPLETED
01JDK84TBRPSPWF8DJK8GDGH61,280,01JDH5K20RZAJBHGSPD9JFVN6M,-11,-41,-44,-41,5,2024-11-26 03:27:23,2024-11-26 03:55:26,COMPLETED
01JDKCY4KRK7T84RQYFKEAS9KJ,308,01JDFV0HE05B8T7CHWH9K7F52M,7,23,11,-1,2,2024-11-26 04:51:07,2024-11-26 05:07:10,COMPLETED
01JDKFBH5RQKMS83MTBX8D0TN9,149,01JDGF0660JWM5CDD9CTZKKN86,-26,7,-4,25,2,2024-11-26 05:33:23,2024-11-26 05:57:26,COMPLETED
01JDKGGSJ0JRHCWMBQG11AKS6H,205,01JDGCVEZ09V23F2ZH49PSM2VV,-50,22,-31,37,5,2024-11-26 05:53:44,2024-11-26 06:39:47,COMPLETED
01JDKHGN3015XJ4MY4QXBJZP5X,43,01JDGDAS6GM14P09XWYWAF7SWV,-3,-24,17,-35,4,2024-11-26 06:11:08,2024-11-26 06:42:11,COMPLETED
01JDKMT158ET8NQ6V7F78V0D9M,450,01JDGTWD5R0A85VK3Q8M5VAR1G,-31,-40,-21,-68,4,2024-11-26 07:08:41,2024-11-26 07:21:44,COMPLETED
01JDKQYXNR3HH15VFXF6ED0HJ1,520,01JDHJANZ095C7KB99P023TSZA,-11,40,8,33,4,2024-11-26 08:03:47,2024-11-26 08:33:50,COMPLETED
01JDKS0WK0TG8E4F90BG9H4P6C,540,01JDG82GE0QR7MQR61SEXA8W7J,-11,-9,2,-9,2,2024-11-26 08:22:20,2024-11-26 08:52:23,COMPLETED
01JDKSPD280MCX21AKBB0R7XBE,443,01JDGGCB8R3YD65WB8QEMXG8HS,35,13,42,-1,3,2024-11-26 08:34:05,2024-11-26 08:48:08,COMPLETED
01JDKWDP1876ZS56T2SXCVBTSJ,407,01JDG3C3Y00CP2TR5SVKYHB3FV,-40,-24,-22,-26,5,2024-11-26 09:21:45,2024-11-26 09:43:48,COMPLETED
01JDM07CJ8ZDVSSYH691CXZ07W,331,01JDG9GRX0PETMTF8BWR6JB80J,20,45,9,62,4,2024-11-26 10:28:13,2024-11-26 11:26:16,COMPLETED
01JDM0TSN8V128KQJYJTKW5CF7,461,01JDGTAD08SMWVBEY72CTZN5ZF,-37,-47,-53,-75,5,2024-11-26 10:38:49,2024-11-26 11:07:52,COMPLETED
01JDM0X3W81BS74NJ2V2CS6N24,464,01JDGZNZ7R6JWKE7V3VBA83NHE,3,17,-18,17,4,2024-11-26 10:40:05,2024-11-26 11:12:08,COMPLETED
01JDM3AY3R3N39GX4PPGDJC4FR,215,01JDHKHG50W9V45FQFM94EW1F9,-48,14,-67,25,5,2024-11-26 11:22:35,2024-11-26 12:03:38,COMPLETED
01JDM3BAT06GZJPNGMQFDPNKRJ,103,01JDH0B030JFW4HP7P257WEKNT,7,10,12,-13,5,2024-11-26 11:22:48,2024-11-26 11:42:51,COMPLETED
01JDM538V8F99RMAS712C4SFDW,157,01JDFWX0ZG4JRGT50VP2JEYTZ5,-48,15,-51,9,3,2024-11-26 11:53:21,2024-11-26 12:05:24,COMPLETED
01JDM6HS4855R6DSHX4NN37RWZ,441,01JDHDJFV8H77NW06SQZSP9B41,14,25,13,50,4,2024-11-26 12:18:45,2024-11-26 13:50:48,COMPLETED
01JDM8ABNR798DS0K1TJHMVAKK,511,01JDH8ECW01ZG29SYNR2SHDJXB,40,37,28,11,3,2024-11-26 12:49:39,2024-11-26 13:12:42,COMPLETED
01JDMAYQW0KHCZXVYKMT451QDK,528,01JDH7GNPGWHN8KCW3NYZNJ9C9,32,-9,32,19,5,2024-11-26 13:35:44,2024-11-26 13:56:47,COMPLETED
01JDMECEKRVX632ZGFT32VBWJZ,427,01JDHN25RRF7N26STHREJWA546,-34,31,-55,24,2,2024-11-26 14:35:39,2024-11-26 15:06:42,COMPLETED
01JDMHGKP8XKH6WG4FNT9T40JH,413,01JDHBH9X8ZJQ6E68JRK4AKX05,24,-26,61,-28,2,2024-11-26 15:30:21,2024-11-26 15:55:24,COMPLETED
01JDJ7RQ30SZMZXPRY7JEFBWRA,246,01JDHD88PGZ50M7CWF2TTD1N27,41,-4,57,-11,5,2024-11-25 18:01:32,2024-11-25 18:22:35,COMPLETED
01JDJ9KWMRKGBV54F533D6VEFX,479,01JDHB5B38VW1XKEJHXQEWEJ4A,34,8,24,0,4,2024-11-25 18:33:51,2024-11-25 19:04:54,COMPLETED
01JDJA9ST8R2TVWHWEHRQQ59RF,232,01JDGNMXSRE394RPZDYGNK8EE0,-16,-31,-13,-47,3,2024-11-25 18:45:49,2024-11-25 18:55:52,COMPLETED
01JDJBPMCGEGNCMEQF4JBTGSBY,23,01JDGQ1KFR24VKSBWA3YFKTPKR,48,-32,84,-33,4,2024-11-25 19:10:18,2024-11-25 20:24:21,COMPLETED
01JDJGB0E03KNGQWE6WEF0JXEW,179,01JDHSDBW0GTGW0Y9Q2HMYMXTQ,-50,6,-45,-21,5,2024-11-25 20:31:20,2024-11-25 21:26:23,COMPLETED
01JDJGX6F01MAJSTGPZPYX9VW3,372,01JDHGPXQ0KY3F6YPJF62HYQ3X,30,-42,54,-54,4,2024-11-25 20:41:16,2024-11-25 21:04:19,COMPLETED
01JDJHEYTGQHHE5B1SZCKKVK7J,350,01JDH4GCMR2GMBX7CJZ84DXNCK,-37,-31,-57,-16,5,2024-11-25 20:50:58,2024-11-25 21:05:01,COMPLETED
01JDJJ8TYG382F1PR3P31HT77C,125,01JDG2QQK0FGQV89NZ2GD4PW7G,40,-18,37,-10,5,2024-11-25 21:05:06,2024-11-25 21:25:09,COMPLETED
01JDJM9V10NA7V9H467XGAX30K,134,01JDHTES6RQH1HBQ78GBE6MWN8,-37,-5,-36,14,2,2024-11-25 21:40:36,2024-11-25 22:29:39,COMPLETED
01JDJRWP80ZVM8MQZFNW4XTS7J,159,01JDH4YQM8P9DN1N5Z9CJ3F231,46,-40,48,-55,3,2024-11-25 23:00:48,2024-11-25 23:52:51,COMPLETED
01JDJS756R773PP33TJDG9M0J4,459,01JDHGTYM0YQMZ043DFBNR7VVV,46,-23,16,-21,4,2024-11-25 23:06:31,2024-11-26 00:27:34,COMPLETED
01JDJY0S78TF3TC0SBHF2Q4K2E,194,01JDFH6WAGA8EEG0N6VPDRPCP7,-1,-42,12,-38,2,2024-11-26 00:30:25,2024-11-26 01:02:28,COMPLETED
01JDJZJB5854KKD6V7T1JEWNE4,415,01JDGSZQ6RE17SZH25336PH47X,-18,-45,6,-40,3,2024-11-26 00:57:29,2024-11-26 01:15:32,COMPLETED
01JDK06BS8QEXFCJCGNJW30M4Q,219,01JDG55MR8XV5W5SGTYXDDGQ67,-26,-30,-21,-48,3,2024-11-26 01:08:25,2024-11-26 01:26:28,COMPLETED
01JDK0B9ZRT2B46S3SCQ9C213S,301,01JDH2BX7R2DFXCM3Z2QYPYMMM,36,49,40,27,4,2024-11-26 01:11:07,2024-11-26 01:25:10,COMPLETED
01JDK25DBR9Y45Q7HJ93TPPJ94,237,01JDFYW4GGZ2TXC99SRE1WME5K,3,-12,3,-35,3,2024-11-26 01:42:51,2024-11-26 01:57:54,COMPLETED
01JDK263TGXTPB44CB7WZ7M7XZ,239,01JDHGNDVRQDTASEKT4K7SPG3S,-20,36,4,37,2,2024-11-26 01:43:14,2024-11-26 02:07:17,COMPLETED
01JDK4MKHGZCTZXQMAB8V1P5AH,318,01JDHR42JR1JMBRERWAZZTA293,40,19,46,10,3,2024-11-26 02:26:06,2024-11-26 02:38:09,COMPLETED
01JDK66Q20VP7RA2WXQV1V0TSG,283,01JDFFCJ3R35BM39QZ5SAMFXJD,29,-14,38,7,5,2024-11-26 02:53:28,2024-11-26 03:34:31,COMPLETED
01JDK84TBRMP0S69DENNV11JTH,280,01JDGEZ7X8P1PZ8JYG3ZKKJ0C6,-19,31,-29,51,2,2024-11-26 03:27:23,2024-11-26 03:45:26,COMPLETED
01JDK9PM3RRQ8QPM0W63A02RSS,288,01JDGV8SN80ETCMTB78C3W0Y8A,-12,-32,-18,-24,5,2024-11-26 03:54:35,2024-11-26 04:09:38,COMPLETED
01JDKEDBBGDB39ZRDP5Z2FJV51,317,01JDHHFHSRJ2MDPKW8T0WBNPDD,-48,49,-53,38,2,2024-11-26 05:16:54,2024-11-26 06:01:57,COMPLETED
01JDKGWDM8QZ3GG80S3NAT9K36,141,01JDFWJ888V4DGSDYFBF8RQ402,-38,45,-27,36,4,2024-11-26 06:00:05,2024-11-26 07:02:08,COMPLETED
01JDKJQACR4D72CTMWVXQ9TX6D,358,01JDG44WX0VRJGK7H6VWB1D38B,19,10,34,7,2,2024-11-26 06:32:15,2024-11-26 06:54:18,COMPLETED
01JDKNP4JGMTZGHPH459BA2TSB,304,01JDGZ77J0AH6C3728YD9T65VA,-47,22,-60,-7,4,2024-11-26 07:24:02,2024-11-26 07:42:05,COMPLETED
01JDKPAMTGJA800GR2Q0CXZB6Q,387,01JDH5GQSRV5B9S9ECQ1F2C7R2,31,26,23,25,5,2024-11-26 07:35:14,2024-11-26 08:34:17,COMPLETED
01JDKPF7A042WYZBY4TJ9214RQ,390,01JDH4KR28FBNHZY6YSQZ5B5TT,30,-2,21,0,2,2024-11-26 07:37:44,2024-11-26 08:14:47,COMPLETED
01JDKQQQ6RQ0YN3P40EBKHMRQ7,364,01JDGBCZN814W0NXW13CYR18XZ,-25,25,-16,19,4,2024-11-26 07:59:51,2024-11-26 08:14:54,COMPLETED
01JDKVXHE0RBY0A74M4C33YJBB,422,01JDH3RXNGRDMJD097QYVJ1GWE,-4,-44,13,-45,3,2024-11-26 09:12:56,2024-11-26 09:42:59,COMPLETED
01JDKVXHE0Z586XERQXH08VR1V,422,01JDH3EXBG24A365WVF5N5PD6X,43,-19,60,-23,3,2024-11-26 09:12:56,2024-11-26 09:31:59,COMPLETED
01JDKZ5CNR6CXSAV3SXKK3Z0YA,447,01JDGFTB38REM072NY9Y3VN169,27,26,28,1,3,2024-11-26 10:09:39,2024-11-26 10:38:42,COMPLETED
01JDKZNH90EAMNHWPZ5M4005HX,452,01JDHS6K2G1WFD0YRYMYNAJT1M,-41,-31,-55,-54,3,2024-11-26 10:18:28,2024-11-26 10:52:31,COMPLETED
01JDM0JKY8ZQ0SCEZX3QDGFB62,459,01JDGNEDSG7DPCY7AE2A38ZB13,18,-12,20,-2,5,2024-11-26 10:34:21,2024-11-26 10:52:24,COMPLETED
01JDM0Y80GBJWKMK2VGY0SPNG3,219,01JDGFTB38REM072NY9Y3VN169,21,21,26,30,4,2024-11-26 10:40:42,2024-11-26 10:51:45,COMPLETED
01JDM0ZE382A2Y0X3DYXQZQB67,16,01JDGANPHGJ59H6FSW2E9A17BP,-12,-18,-25,-23,3,2024-11-26 10:41:21,2024-11-26 11:54:24,COMPLETED
01JDM1A1Y86428SGHYKD56FFR1,347,01JDFQGPAR50QP3FK0NRCGBE14,-50,-10,-43,-42,2,2024-11-26 10:47:09,2024-11-26 11:13:12,COMPLETED
01JDM5PK0G6NFHEH3ZQBCWF33A,357,01JDFGQRXR0C4T3DFMS37GG7YG,-18,-25,-21,-15,2,2024-11-26 12:03:54,2024-11-26 12:24:57,COMPLETED
01JDM6Y1PRNDYVR43SSF0V0AMT,134,01JDGN4EERB70JSR5ADHSP5HBS,28,20,21,20,3,2024-11-26 12:25:27,2024-11-26 12:50:30,COMPLETED
01JDMAC36882QDQ5GXR2XB1MYJ,122,01JDFHZR78S51SNZ2RXQ1MTWCM,-30,-40,-27,-62,5,2024-11-26 13:25:33,2024-11-26 13:38:36,COMPLETED
01JDMB7N1009C2ANA65N464S08,346,01JDFHZR78S51SNZ2RXQ1MTWCM,17,-6,16,16,2,2024-11-26 13:40:36,2024-11-26 14:01:39,COMPLETED
01JDMF9S30014M1SM51RKYWCRX,551,01JDHQV8BGBD3VVQ1F6Q5GHG55,-3,9,1,2,3,2024-11-26 14:51:40,2024-11-26 15:17:43,COMPLETED
01JDJ9MM2RDEE0712DFD22EGWT,57,01JDGQ1KFR24VKSBWA3YFKTPKR,-13,-24,-42,-17,4,2024-11-25 18:34:15,2024-11-25 19:08:18,COMPLETED
01JDJ9PCQ8MAKK4K4CBPSQNK84,59,01JDGA1A6GVF5VGGRJ2PS471W5,44,-48,50,-21,5,2024-11-25 18:35:13,2024-11-25 19:21:16,COMPLETED
01JDJ9PVC06MNYV48S8F16K0KE,60,01JDG19H2G5D72AFQ00EJ9K81Q,-39,-18,-15,-15,5,2024-11-25 18:35:28,2024-11-25 19:17:31,COMPLETED
01JDJAZWV8J4CBCAPZXCM9MCGF,67,01JDG85TW8NG9K7CC6RRNRA8Y3,7,39,7,68,3,2024-11-25 18:57:53,2024-11-25 19:15:56,COMPLETED
01JDJCJXN82FTJCXV8FQRJM4V8,83,01JDGQYH8R5GR92NGK5AGBRHEQ,-12,0,8,8,4,2024-11-25 19:25:45,2024-11-25 19:54:48,COMPLETED
01JDJCZGZGJHQP36CBD9K7PVB2,50,01JDH59BF887HY5P3W3RCN1857,-29,-23,-45,-19,4,2024-11-25 19:32:38,2024-11-25 20:12:41,COMPLETED
01JDJJMXNGE73MYEJZPNVT7VM0,126,01JDGF8PMRW0WBDYQFFD87ESNJ,-43,2,-45,20,3,2024-11-25 21:11:42,2024-11-25 21:34:45,COMPLETED
01JDJQ54X0W4PFR98J2ZKF0WPR,151,01JDHJ2P3GP18KD0981ZJQMZZR,24,34,-11,36,2,2024-11-25 22:30:28,2024-11-25 23:28:31,COMPLETED
01JDJQWKW8QCEYBG4BCA4KB5WX,472,01JDH6C1TGNKMWCFMF31DBFMAC,20,46,17,42,2,2024-11-25 22:43:17,2024-11-25 22:53:20,COMPLETED
01JDJRJNY0EFK5SNQZBYETNF3Q,17,01JDH6C1TGNKMWCFMF31DBFMAC,25,-2,26,6,2,2024-11-25 22:55:20,2024-11-25 23:18:23,COMPLETED
01JDJTHHN0P0K0E7AXZVBTF9YV,176,01JDHJ0MNRHBW8SX79CH0C9DPJ,21,6,25,26,5,2024-11-25 23:29:40,2024-11-25 23:37:43,COMPLETED
01JDJTJXK86AS8BBSBNYMRZFHW,179,01JDFTB9R0PCKWAJAZBSY6148B,-10,19,-12,3,2,2024-11-25 23:30:25,2024-11-26 00:13:28,COMPLETED
01JDJZC2Z06G88QTSTNKK87ZEQ,209,01JDGDT4D8YYDPX14E79Q0EPNE,33,13,31,10,5,2024-11-26 00:54:04,2024-11-26 01:01:07,COMPLETED
01JDJZQ8CGSETV5NG6YDZ5Z79S,161,01JDH6951RR467D8V8ACW8XR3H,-4,30,0,50,3,2024-11-26 01:00:10,2024-11-26 01:33:13,COMPLETED
01JDJZWV38AQ1XS58JKG5M93DD,210,01JDHQVE70SFDYBVXE2793EYH2,9,-18,8,-33,2,2024-11-26 01:03:13,2024-11-26 01:43:16,COMPLETED
01JDK06BS8D5JQQ3T8FRTCHX3M,218,01JDGMGRJGXXW6B4V63H5ZR35R,-49,18,-31,24,4,2024-11-26 01:08:25,2024-11-26 01:25:28,COMPLETED
01JDK1B2K0QS0SR91NF5X791BV,549,01JDG55MR8XV5W5SGTYXDDGQ67,-11,-44,-22,-49,3,2024-11-26 01:28:28,2024-11-26 01:35:31,COMPLETED
01JDK1EMV8K4JXDX8Y10S6ETJ5,232,01JDFFCJ3R35BM39QZ5SAMFXJD,38,6,60,2,4,2024-11-26 01:30:25,2024-11-26 02:51:28,COMPLETED
01JDK1TSGRMGFB9VA8DE03F57T,235,01JDG0TAR0V14GGFRQPF1QME5P,8,20,25,-5,4,2024-11-26 01:37:03,2024-11-26 01:55:06,COMPLETED
01JDK25DBR3M5WAMR0HDA9W1HM,236,01JDGMWRBR8WE4CNK2C6KA47N1,-6,12,-1,0,4,2024-11-26 01:42:51,2024-11-26 02:10:54,COMPLETED
01JDK3WE3G2BFXFED1XX5XSY3Q,331,01JDGMWRBR8WE4CNK2C6KA47N1,31,26,63,26,2,2024-11-26 02:12:54,2024-11-26 02:45:57,COMPLETED
01JDKCFAZG01K93CR36WHVEDF8,306,01JDGHSY883D8ZFH44D52ZFCW1,-39,-39,-29,-29,2,2024-11-26 04:43:02,2024-11-26 04:52:05,COMPLETED
01JDKCFAZGGB5HQKQFKZMNZR11,306,01JDFWJ888V4DGSDYFBF8RQ402,45,48,42,64,2,2024-11-26 04:43:02,2024-11-26 05:58:05,COMPLETED
01JDKDWS2RCQK5W9YD0TPHBKDX,4,01JDG2E9TRPKS461EYXRJCCS0C,3,-8,-7,-30,3,2024-11-26 05:07:51,2024-11-26 05:17:54,COMPLETED
01JDKEFJMRXDS9R901QWY0M6K9,319,01JDH31AS8WV49A023FB4P8FBX,-7,48,-10,65,3,2024-11-26 05:18:07,2024-11-26 05:49:10,COMPLETED
01JDKF0YA0HFFSACTGR3WVBH7Z,323,01JDG9H9G8FS6TY2Y188BT3ACG,-6,-4,-1,17,2,2024-11-26 05:27:36,2024-11-26 05:54:39,COMPLETED
01JDKGYWQGV1Q9WF93NT4EQ9JE,342,01JDH6JDXRNRKF2KCM8TJ6PN17,4,27,12,9,3,2024-11-26 06:01:26,2024-11-26 06:26:29,COMPLETED
01JDKH266GMAC36Y08F431KQY9,345,01JDGJJCFGYZFXE4XG8M7WJW77,40,-1,37,-29,3,2024-11-26 06:03:14,2024-11-26 06:49:17,COMPLETED
01JDKNGCZGMVVK9ACBV02RGFS9,362,01JDGAMZ3GPZCY3628P7WJBEJZ,3,-15,-2,-4,5,2024-11-26 07:20:54,2024-11-26 07:37:57,COMPLETED
01JDKQYGZGEBP6GMSFCN7JJBER,399,01JDFJAC2866H315R7HTHZHABR,-1,-41,2,-45,3,2024-11-26 08:03:34,2024-11-26 08:20:37,COMPLETED
01JDKRWC206NH9JH4WSEQW523B,407,01JDG6JK7GNXR9W9HHVPWQYM9E,29,11,35,25,2,2024-11-26 08:19:52,2024-11-26 08:30:55,COMPLETED
01JDKVXHE0MM7KTG12BZA6WZ09,422,01JDFHNTV0KGFZ2N2B4CX0RBC5,-12,-20,-15,-37,2,2024-11-26 09:12:56,2024-11-26 09:22:59,COMPLETED
01JDKXDVARFN1TPJY0YW6815AE,437,01JDGF2V4R6DNCPQJH4262QK4M,4,-17,18,-13,3,2024-11-26 09:39:19,2024-11-26 10:09:22,COMPLETED
01JDKYWX68F7VENZSJ3J4D7DR6,149,01JDH4TFWG7DGM6K56726PT54N,-35,-33,-37,-10,3,2024-11-26 10:05:01,2024-11-26 10:28:04,COMPLETED
01JDM02S3GVRYN0BBVRJKP6V90,214,01JDGPT19REQAFNAHNENJ9WEEJ,-12,-16,1,-11,5,2024-11-26 10:25:42,2024-11-26 10:37:45,COMPLETED
01JDM0TSN8BRGG783QCY98D1CP,461,01JDFTCEVG6KJGK253PSTPEN0Z,18,37,43,57,3,2024-11-26 10:38:49,2024-11-26 11:11:52,COMPLETED
01JDM224EGTBW5T23P125QKCJZ,472,01JDGN4EERB70JSR5ADHSP5HBS,-37,37,-18,56,2,2024-11-26 11:00:18,2024-11-26 11:20:21,COMPLETED
01JDM227C83TBMYPHK6SZD2QNH,553,01JDFGYJPGT3NQGFHHFWZXNGR5,-42,-26,-40,-41,4,2024-11-26 11:00:21,2024-11-26 11:22:24,COMPLETED
01JDM2KN00JSYG3YC866HDZZJN,72,01JDGTAD08SMWVBEY72CTZN5ZF,-34,21,-31,-12,5,2024-11-26 11:09:52,2024-11-26 11:42:55,COMPLETED
01JDM2MN78VW1B4BF255NYNNJS,113,01JDFK6JD8QRVJB6BAA658XZZ3,-11,-2,-13,-10,3,2024-11-26 11:10:25,2024-11-26 11:16:28,COMPLETED
01JDM3CB184209Y9R5NKSQ4D2T,388,01JDHK2YARQZ9DQWEC05K8Z0FW,14,-44,10,-61,2,2024-11-26 11:23:21,2024-11-26 11:34:24,COMPLETED
01JDM3CWKR9641S85TT52PPR64,250,01JDGF968RCVRCSSXE7ZMA9MJK,32,47,54,51,5,2024-11-26 11:23:39,2024-11-26 11:51:42,COMPLETED
01JDM4JHP8MG1NXYYQ2EJN89F0,490,01JDH5WDTGV0YVE8WPPQHPVSJQ,-15,-43,-33,-37,4,2024-11-26 11:44:13,2024-11-26 12:12:16,COMPLETED
01JDM66520R0AKVP2KQVGPMPE6,455,01JDG37JDRJWN4YS5K5GSYXP69,40,-15,47,-23,5,2024-11-26 12:12:24,2024-11-26 12:23:27,COMPLETED
01JDM6V4Y0F2GS0SJYN3HTJXQT,110,01JDHJNBRGSE02H0KK5VM9667Y,24,-22,13,-3,5,2024-11-26 12:23:52,2024-11-26 12:53:55,COMPLETED
01JDM9SJDG22TQDN5JT3Q6GQJ6,451,01JDFZDSY8VJBY7PATGWDYD190,-29,-25,-43,-16,5,2024-11-26 13:15:26,2024-11-26 13:28:29,COMPLETED
01JDMC8YER45VF0G6ZS6XKQZJ4,324,01JDH7GNPGWHN8KCW3NYZNJ9C9,47,38,83,31,3,2024-11-26 13:58:47,2024-11-26 14:39:50,COMPLETED
01JDMJFD1GVBM0J43C7QQF0CYC,119,01JDGST0K0CA9STW3TDMX0XYF4,45,-43,45,-69,2,2024-11-26 15:47:10,2024-11-26 16:51:13,COMPLETED
01JDJ4SD98HQ5QAG6H60CRKE5G,16,01JDH59BF887HY5P3W3RCN1857,27,-32,33,-24,2,2024-11-25 17:09:29,2024-11-25 18:01:32,COMPLETED
01JDJ5PSQ0CPT6SR129P9J73FM,22,01JDHDCCH8J2WRJ75WNB38X8NV,35,-6,41,0,5,2024-11-25 17:25:32,2024-11-25 18:02:35,COMPLETED
01JDJ6VND0SEM7MESF382RYJ33,32,01JDGEKKV0J0S5KS9C852QYCK3,27,18,54,27,4,2024-11-25 17:45:40,2024-11-25 18:03:43,COMPLETED
01JDJ80C6RMTDDPKDEYNADKJPD,129,01JDGEKKV0J0S5KS9C852QYCK3,-43,2,-37,26,5,2024-11-25 18:05:43,2024-11-25 18:38:46,COMPLETED
01JDJ81K8R9WFRTJR52KG5B8CN,40,01JDFSPWDR7YXMN4WV01ZWXCB5,14,-13,33,-23,5,2024-11-25 18:06:23,2024-11-25 18:25:26,COMPLETED
01JDJAD1AR4C6VZBX7KABV4Q0Q,469,01JDH59BF887HY5P3W3RCN1857,12,3,11,-8,4,2024-11-25 18:47:35,2024-11-25 19:30:38,COMPLETED
01JDJB6NMRK9AMY66GW0G285T7,488,01JDH4S2Z0ZJ4Z0967Y7DY5TVR,-32,-21,-28,6,2,2024-11-25 19:01:35,2024-11-25 19:20:38,COMPLETED
01JDJBCE70BMR0J63M7B9PF6RA,72,01JDFYK7BG0W46KY333WWRSS7W,28,45,0,39,5,2024-11-25 19:04:44,2024-11-25 20:06:47,COMPLETED
01JDJC62H0S7TK0DSNCJA1HZPT,490,01JDG2B2A84G75QMF0S2QVS0DT,15,14,9,29,4,2024-11-25 19:18:44,2024-11-25 19:35:47,COMPLETED
01JDJD9AERR77SYNTHF1XE8YDT,343,01JDG85TW8NG9K7CC6RRNRA8Y3,-39,48,-69,45,5,2024-11-25 19:37:59,2024-11-25 19:55:02,COMPLETED
01JDJF1R40151A8N8A7X4GA4JK,318,01JDG3T648JRY7X3FECWKEP5ZR,30,49,36,42,3,2024-11-25 20:08:48,2024-11-25 20:42:51,COMPLETED
01JDJG6JTR7EJGGHD7VN9QH375,108,01JDFTY58GMZGA4SB3HPJMJY8A,-17,-28,-43,-36,2,2024-11-25 20:28:55,2024-11-25 21:36:58,COMPLETED
01JDJGGQ1RPTKDQ8MMNR4TXZRQ,116,01JDH808Q8853YH7G79E2PWJ47,4,6,14,26,2,2024-11-25 20:34:27,2024-11-25 20:51:30,COMPLETED
01JDJM06E0JMSA85NGFQJ1DJZR,531,01JDGB99G0SB4C8FB8BSCTN1WN,41,-49,28,-45,3,2024-11-25 21:35:20,2024-11-25 22:14:23,COMPLETED
01JDJPPF5RPVEDZZ8VNXXXRKCZ,146,01JDFXANG8TB1XVEY557EET53Q,11,-19,-2,4,2,2024-11-25 22:22:27,2024-11-25 22:34:30,COMPLETED
01JDJQ0NB8FYA79T2VAVA0B9RJ,22,01JDFTY58GMZGA4SB3HPJMJY8A,-39,-25,-35,-14,2,2024-11-25 22:28:01,2024-11-25 23:26:04,COMPLETED
01JDJRWP8046EYVZJB60YRF9DP,160,01JDGW09KRKJN3TH6D8JFGW1R7,42,-5,20,6,5,2024-11-25 23:00:48,2024-11-25 23:32:51,COMPLETED
01JDK15JT08RQXYHYE6PRQM9BM,538,01JDFMFSR049R5F8CWC2AGRJND,14,15,14,21,5,2024-11-26 01:25:28,2024-11-26 01:40:31,COMPLETED
01JDK2N95R2XJH6QKJHX1WPTGX,491,01JDGMGRJGXXW6B4V63H5ZR35R,47,29,66,28,5,2024-11-26 01:51:31,2024-11-26 02:20:34,COMPLETED
01JDK5WKT89G7W210NDS98E2SN,439,01JDGMWRBR8WE4CNK2C6KA47N1,49,-32,52,-3,2,2024-11-26 02:47:57,2024-11-26 03:25:00,COMPLETED
01JDK751RGXHMF0FF0D0RXW1KC,425,01JDHNCZF8NERVS4JQ6VG3BF3E,15,31,42,35,5,2024-11-26 03:10:02,2024-11-26 03:38:05,COMPLETED
01JDK8R3HRQGVDE5R8F4A543JS,286,01JDGG1Y8GEX90HRBG65QCY58B,-31,-36,-29,-5,3,2024-11-26 03:37:55,2024-11-26 03:49:58,COMPLETED
01JDK91V2GR8T4C0R40BT5X8CP,287,01JDGJBGR869BEHSKVV3XWGD1Y,-7,-19,15,-40,3,2024-11-26 03:43:14,2024-11-26 04:03:17,COMPLETED
01JDK9MCTGGCWST9N89P1QZNHX,145,01JDHTJP6RAJM5T4D1WT1T050R,-27,-20,-8,-34,3,2024-11-26 03:53:22,2024-11-26 05:13:25,COMPLETED
01JDKACQ4RVEKY9ABNN0JFMS5T,292,01JDG2E9TRPKS461EYXRJCCS0C,-13,-5,7,-3,5,2024-11-26 04:06:39,2024-11-26 04:19:42,COMPLETED
01JDKCY4KRDRRBECE1Z4PNP72Q,309,01JDFYDNM0HWKK140PQDHA89B7,-12,16,1,23,2,2024-11-26 04:51:07,2024-11-26 05:23:10,COMPLETED
01JDKCY4KRY4KRHRK23TY67TEG,309,01JDHB8ZA0JCX4N6HPTARFGAX6,-5,15,-5,27,5,2024-11-26 04:51:07,2024-11-26 05:03:10,COMPLETED
01JDKD061G3F4Y0KR85WBKNG1Q,311,01JDGW0CHG4KP6RDB8GG8YYXVQ,5,32,8,50,3,2024-11-26 04:52:14,2024-11-26 05:00:17,COMPLETED
01JDKDCTB0M9CYCXE4QQ766W7A,313,01JDFYXV6G3S3KKQ8M43Y2F5XY,30,-45,29,-23,5,2024-11-26 04:59:08,2024-11-26 05:22:11,COMPLETED
01JDKEFZB0D3VQYFZERCS6Y80B,131,01JDGW0CHG4KP6RDB8GG8YYXVQ,-5,16,6,-3,2,2024-11-26 05:18:20,2024-11-26 05:28:23,COMPLETED
01JDKEWFQG3N14225SES0QQMJZ,200,01JDFYDNM0HWKK140PQDHA89B7,-32,49,-41,40,3,2024-11-26 05:25:10,2024-11-26 05:53:13,COMPLETED
01JDKF0018NQ2MFT1JP5N3KMZB,320,01JDG08BHRN4ABRDAM8N438G69,-33,22,-31,34,5,2024-11-26 05:27:05,2024-11-26 05:51:08,COMPLETED
01JDKJMEK8HWYYDVBVKYT4Y189,256,01JDFFVTCRFCWZS7C3CFS069ZH,-14,-38,-5,-22,5,2024-11-26 06:30:41,2024-11-26 06:42:44,COMPLETED
01JDKN0C98QKQ6Z2RQYE31N78T,500,01JDGGVKHR20EV6S19FPQJ5NGE,43,16,61,16,2,2024-11-26 07:12:09,2024-11-26 07:50:12,COMPLETED
01JDKRFNT030Q01MPB3XWPBS31,404,01JDGDRQFRGX8GM3CR68ZZM0A8,31,1,39,1,4,2024-11-26 08:12:56,2024-11-26 08:51:59,COMPLETED
01JDKS7DJGCSQ7B490YF6RZMQH,416,01JDHT2QF0VND31ZCFWE9RDZFQ,48,-19,12,-18,5,2024-11-26 08:25:54,2024-11-26 08:57:57,COMPLETED
01JDKTHN4GZD7TTZPTM6ZYH4RN,420,01JDHF6YJ0ABRD2XJBGVB95296,-35,-5,-40,26,2,2024-11-26 08:48:58,2024-11-26 09:17:01,COMPLETED
01JDM2VF000H8ZZ71EXQP7KC4C,30,01JDGZNZ7R6JWKE7V3VBA83NHE,39,-7,64,-7,5,2024-11-26 11:14:08,2024-11-26 12:10:11,COMPLETED
01JDM3CZHGBNM9TR4XS0K0JFK1,238,01JDHRZW7GPADFNP0VED7Y36KD,35,7,74,7,5,2024-11-26 11:23:42,2024-11-26 11:48:45,COMPLETED
01JDM5CDT8V23CC269CKFGMCXZ,90,01JDG37JDRJWN4YS5K5GSYXP69,39,13,35,21,2,2024-11-26 11:58:21,2024-11-26 12:10:24,COMPLETED
01JDM8DR2GKP9ZAEM5NG1ZD44R,45,01JDG37JDRJWN4YS5K5GSYXP69,-28,-15,-15,-19,4,2024-11-26 12:51:30,2024-11-26 13:03:33,COMPLETED
01JDM8H6DR13X92H84850QXB8B,111,01JDFZDSY8VJBY7PATGWDYD190,7,-17,-12,-37,2,2024-11-26 12:53:23,2024-11-26 13:13:26,COMPLETED
01JDMA2FJGKT5VPXMYM0GYJV6H,521,01JDG20W4RY3J34HSJYFN1R55T,-30,46,-47,37,3,2024-11-26 13:20:18,2024-11-26 13:42:21,COMPLETED
01JDMBEGR8NP89NEJV1N3QFS0Y,282,01JDG20W4RY3J34HSJYFN1R55T,-12,42,-7,11,2,2024-11-26 13:44:21,2024-11-26 13:58:24,COMPLETED
01JDMEE96R34MVDAKSYM3550Z0,102,01JDFVE038ZHJF1H3KD4CV4HBF,0,9,-25,11,4,2024-11-26 14:36:39,2024-11-26 16:04:42,COMPLETED
01JDJ9KQRGNQ5TSX1EHW3EGJV2,55,01JDHNCWHG8TKV9VJC97VBK4PA,-43,-29,-42,-14,3,2024-11-25 18:33:46,2024-11-25 18:49:49,COMPLETED
01JDJ9WF20GCVE3WQY8G5DESPE,98,01JDH4S2Z0ZJ4Z0967Y7DY5TVR,37,-30,32,-3,2,2024-11-25 18:38:32,2024-11-25 18:59:35,COMPLETED
01JDJBAGP81XSEH4RXTB6PSJEB,69,01JDG2B2A84G75QMF0S2QVS0DT,7,-21,2,-21,5,2024-11-25 19:03:41,2024-11-25 19:16:44,COMPLETED
01JDJBFEWRASR6ZNRDNGMEDF5Q,74,01JDHJCV9RCNHTN98YVWR7T9Z1,-38,-15,-19,-19,3,2024-11-25 19:06:23,2024-11-25 19:22:26,COMPLETED
01JDJBYP6G3FDJ58GC89HADSSG,512,01JDHGZ4D8SX8B2CXHJWGTECDQ,8,24,11,13,5,2024-11-25 19:14:42,2024-11-25 19:42:45,COMPLETED
01JDJE9ES0088WF3RMYX2VQQ8Z,360,01JDFW0BZRXHYR375VMF60NENY,21,45,0,39,4,2024-11-25 19:55:32,2024-11-25 20:24:35,COMPLETED
01JDJG2A3RY1RRMF4E4P4KA0NS,357,01JDFW0BZRXHYR375VMF60NENY,-47,3,-36,-24,2,2024-11-25 20:26:35,2024-11-25 21:09:38,COMPLETED
01JDJM3XJG1GD124N1T4Z00CVP,451,01JDH6951RZ34E2ND71HA607K1,1,7,10,2,3,2024-11-25 21:37:22,2024-11-25 21:56:25,COMPLETED
01JDJP7KK0PZECBNVQJX1HK06V,428,01JDHGHDY0V1MFDJQJG11ES4W9,-23,6,-45,11,2,2024-11-25 22:14:20,2024-11-25 22:48:23,COMPLETED
01JDJQB0D0HM598VZ0BAG4D9Q0,153,01JDGXA7D8XNK7G3QH97SSCMWW,-42,45,-24,38,4,2024-11-25 22:33:40,2024-11-25 23:20:43,COMPLETED
01JDJRGKH0RJCXEE06SHAZ43FP,89,01JDFHQ8QRXRJBV1XBFXV0RDY5,42,2,44,-4,2,2024-11-25 22:54:12,2024-11-25 23:05:15,COMPLETED
01JDJRW0RGGC9NVZ9RX7CSVT9A,96,01JDHJ35QGPJB57B1ZM8X9D0JF,-48,28,-81,23,4,2024-11-25 23:00:26,2024-11-26 00:08:29,COMPLETED
01JDJSBTM04X0YCZK57HD80BQ6,165,01JDHT3ZG8H57WR28B5ET0085H,-47,-24,-60,-26,4,2024-11-25 23:09:04,2024-11-25 23:56:07,COMPLETED
01JDJTHHN0Y8MD24524S00W0QB,176,01JDFRJ0QRSM1GK8JBRAQD3HX1,40,-17,52,2,3,2024-11-25 23:29:40,2024-11-26 00:44:43,COMPLETED
01JDJXXZC8XHRF8YMS491ERH9H,342,01JDHVRC8GBQDJ7NCA4T0RW21Q,-16,39,-35,55,3,2024-11-26 00:28:53,2024-11-26 01:25:56,COMPLETED
01JDJYY3PGR2CSWQKY6NY89AHP,154,01JDGSZQ6RE17SZH25336PH47X,-24,15,0,12,4,2024-11-26 00:46:26,2024-11-26 00:55:29,COMPLETED
01JDK0YXXGXC6RQ3QG6VRK6YZB,225,01JDHDZSM8TF6THD8MWRQTR8P3,-41,0,-14,16,2,2024-11-26 01:21:50,2024-11-26 01:36:53,COMPLETED
01JDK18W90J5HNCFF698J1RFG3,138,01JDGJ392RQEVY1FPTYHZK3CCZ,-34,-47,-30,-30,4,2024-11-26 01:27:16,2024-11-26 01:44:19,COMPLETED
01JDK19800NJWT832R1JACH4F8,228,01JDGMGRJGXXW6B4V63H5ZR35R,4,12,10,7,2,2024-11-26 01:27:28,2024-11-26 01:49:31,COMPLETED
01JDK7KASG0TSMCV0S2GCDAV5C,292,01JDGD2MER79H8770CP38D1D2J,-27,10,-33,11,5,2024-11-26 03:17:50,2024-11-26 03:33:53,COMPLETED
01JDK840Z8E7SKTTP56MAGVDQH,258,01JDHFNKA0NT0XKP5Z77VZ9B4S,-48,-29,-15,-29,4,2024-11-26 03:26:57,2024-11-26 03:35:00,COMPLETED
01JDKDR2P83WGQ73WZ82FMFQZY,231,01JDGF0660JWM5CDD9CTZKKN86,-18,-39,-22,-32,2,2024-11-26 05:05:17,2024-11-26 05:17:20,COMPLETED
01JDKKHN5G1S9WP6G5NWZYGJ5T,364,01JDGTWD5R0A85VK3Q8M5VAR1G,-11,-14,-36,-16,2,2024-11-26 06:46:38,2024-11-26 07:06:41,COMPLETED
01JDKKHN5GDQ41QPSWWCVYYKSA,364,01JDGV8SN8E9MEVKMJSM47FSRX,-22,25,-23,45,4,2024-11-26 06:46:38,2024-11-26 07:03:41,COMPLETED
01JDKQBVAG4T1D73F1EPXACBWE,171,01JDGKWXT04PGTVCS5NTJ4SWB1,-45,-39,-41,-61,2,2024-11-26 07:53:22,2024-11-26 08:24:25,COMPLETED
01JDKS12EG2M9PSP8H2WCHKMW7,500,01JDH0RZBGZFRNFM79N1SSM99A,-41,-50,-40,-33,5,2024-11-26 08:22:26,2024-11-26 08:43:29,COMPLETED
01JDKSBDG8D33JNXJDV9EF3KKA,83,01JDFHHWVRJV9P68AEWAB1QEW6,5,-26,-8,-47,5,2024-11-26 08:28:05,2024-11-26 08:56:08,COMPLETED
01JDKTHN4GA1W34K2B8S2EB9WB,420,01JDGQ9N9R7EQFNJWDNF4J1PYX,39,-4,21,-6,2,2024-11-26 08:48:58,2024-11-26 09:25:01,COMPLETED
01JDKWQAM8P3YHCJA51F97N21Q,377,01JDGQ9N9R7EQFNJWDNF4J1PYX,-7,-8,-25,3,3,2024-11-26 09:27:01,2024-11-26 09:59:04,COMPLETED
01JDKX2PWGR8Y8P5C2JKG3FXH8,431,01JDGX34V822E1CW1FENGDRCBV,5,-12,-12,10,4,2024-11-26 09:33:14,2024-11-26 09:45:17,COMPLETED
01JDKXZ428T7NA7NB0BP20PCNC,442,01JDH9P3C81GEZG5Q376602JS7,8,29,-5,12,2,2024-11-26 09:48:45,2024-11-26 10:00:48,COMPLETED
01JDKYNQPGN6B8YRQS6T8K8MWM,445,01JDFQGPAR50QP3FK0NRCGBE14,-38,-27,-49,-17,5,2024-11-26 10:01:06,2024-11-26 10:45:09,COMPLETED
01JDKYZAB09BT22RKBHC83KBNC,230,01JDGX34V822E1CW1FENGDRCBV,-14,42,-34,46,2,2024-11-26 10:06:20,2024-11-26 10:21:23,COMPLETED
01JDM2FG602QTAP56A383NSCYX,476,01JDGF968RCVRCSSXE7ZMA9MJK,-32,-28,-28,-47,5,2024-11-26 11:07:36,2024-11-26 11:21:39,COMPLETED
01JDM5DG00KZDNHCBBD83K59XT,495,01JDHFJEQ8GQ2ZYYR8VSM1T3ST,17,-22,14,-37,5,2024-11-26 11:58:56,2024-11-26 12:09:59,COMPLETED
01JDM71WR8H7FPAMQ6K8DNTPKM,426,01JDGSKEM8QE2QDNP0MNZZP8CQ,47,13,69,9,4,2024-11-26 12:27:33,2024-11-26 12:52:36,COMPLETED
01JDM76ZV07QRZ7RTPCHXVK43Y,505,01JDFZDSY8VJBY7PATGWDYD190,37,39,29,10,3,2024-11-26 12:30:20,2024-11-26 12:51:23,COMPLETED
01JDM8ABNRAQNKEXPKVFQDEXQZ,512,01JDG5TGQ8DPY3CRAPZWMQC5TR,33,-32,21,-12,4,2024-11-26 12:49:39,2024-11-26 13:55:42,COMPLETED
01JDMADXS88FZSJ294GFDMCC81,522,01JDFVE038ZHJF1H3KD4CV4HBF,37,-15,37,4,2,2024-11-26 13:26:33,2024-11-26 13:39:36,COMPLETED
01JDMC5XS0FQVZPE3MJK2158TY,511,01JDHD164GPKBEX1DEGX6S6EPR,-3,-32,1,-19,4,2024-11-26 13:57:08,2024-11-26 14:28:11,COMPLETED
01JDJ37JJ0QPX4D87D911C62H7,3,01JDHH3KZ0MG3PGY12JCWQAGHH,37,18,21,0,2,2024-11-25 16:42:16,2024-11-25 16:55:19,COMPLETED
01JDJ39YQG5BYSPFGY8Y5SNTKM,5,01JDGXCMJ0XT63R13M61ZVHC46,-15,38,-21,19,3,2024-11-25 16:43:34,2024-11-25 17:45:37,COMPLETED
01JDJ63NTG3KPH9Z0AZATYPBM6,28,01JDH4XGJ8VDER59WZJ7ERPQ2Z,11,47,-10,30,2,2024-11-25 17:32:34,2024-11-25 17:57:37,COMPLETED
01JDJ6DS2862D04WYCX819MMRY,32,01JDFK1BDGV57XYXDMZVW1DWJK,-7,6,7,9,3,2024-11-25 17:38:05,2024-11-25 18:29:08,COMPLETED
01JDJ95218Y729AHATGCD9D566,48,01JDGSMCX0T1PQ6SN4PV7BZPG3,-10,33,-14,32,5,2024-11-25 18:25:45,2024-11-25 18:40:48,COMPLETED
01JDJ9C6HRQAHKYE2V34A3C598,53,01JDHGZ4D8SX8B2CXHJWGTECDQ,-22,19,-20,-9,3,2024-11-25 18:29:39,2024-11-25 19:12:42,COMPLETED
01JDJ9MM2RRTX7WMFDCTMGF3RH,58,01JDGYZW6R57APE4Z00CP9TRRF,27,-26,41,-35,4,2024-11-25 18:34:15,2024-11-25 18:48:18,COMPLETED
01JDJC7GDREFWRN99Q3VJ48KS3,430,01JDG19H2G5D72AFQ00EJ9K81Q,-47,-47,-47,-68,4,2024-11-25 19:19:31,2024-11-25 19:50:34,COMPLETED
01JDJD41GGCRHBZWV958PYSS9Y,89,01JDGP425REBSQG9N10JZ4Q4F1,41,-23,27,-27,3,2024-11-25 19:35:06,2024-11-25 19:53:09,COMPLETED
01JDJD65W0DJN91SJ52QBNSXSN,298,01JDH6951RZ34E2ND71HA607K1,-25,7,-34,-12,3,2024-11-25 19:36:16,2024-11-25 20:23:19,COMPLETED
01JDJE8RA89W3N0A2Q4DEF7FPC,536,01JDGP425REBSQG9N10JZ4Q4F1,43,-22,46,17,5,2024-11-25 19:55:09,2024-11-25 20:11:12,COMPLETED
01JDJEC6NGNNB0ANZBYYS6SXH2,245,01JDG85TW8NG9K7CC6RRNRA8Y3,-41,48,-26,15,4,2024-11-25 19:57:02,2024-11-25 20:11:05,COMPLETED
01JDJEWA9G2QHBT26H9BSFQV94,101,01JDGN7NZ8FKXZENWH908MPKQR,-40,-23,-16,-13,3,2024-11-25 20:05:50,2024-11-25 20:22:53,COMPLETED
01JDJFZ6G8XVA2EGV8WQTGA7GJ,216,01JDGN7NZ8FKXZENWH908MPKQR,36,37,41,58,3,2024-11-25 20:24:53,2024-11-25 21:09:56,COMPLETED
01JDJGDX6RT3E941RN3HQ5NC3C,113,01JDFQCSARJSAVAZRPRBCN02DQ,24,-41,43,-48,3,2024-11-25 20:32:55,2024-11-25 20:51:58,COMPLETED
01JDJGYAK84GSS7VAJ2JNN3HZK,557,01JDG5S1V874Q0X8291AP91VP6,14,-35,-1,-28,2,2024-11-25 20:41:53,2024-11-25 20:57:56,COMPLETED
01JDJK6F68JNWZ6QQ0BCB7DNY4,129,01JDGB99G0SB4C8FB8BSCTN1WN,7,-4,5,8,3,2024-11-25 21:21:17,2024-11-25 21:33:20,COMPLETED
01JDJPDB605WYW2GB8ET9ER112,117,01JDGFN52RS8FZZ0RG9G4FNGG0,6,8,19,14,5,2024-11-25 22:17:28,2024-11-25 22:27:31,COMPLETED
01JDJQGR00VWHGTY813RWE7MKM,263,01JDGBT0N0GMM9PPWCSY4QDB64,-20,38,-17,36,3,2024-11-25 22:36:48,2024-11-25 23:42:51,COMPLETED
01JDJSF33RKMF6B7N9N04Y0S3K,63,01JDGRTTHGKE364NNTFSA76SJR,42,2,69,2,5,2024-11-25 23:10:51,2024-11-25 23:35:54,COMPLETED
01JDJSZHFGTG9FV8S4NRWHNK8N,171,01JDFVKA0RHR0WEASQ0RX2QRNQ,-33,44,-12,45,5,2024-11-25 23:19:50,2024-11-25 23:27:53,COMPLETED
01JDJT022RB981Q04ZKK661WMR,39,01JDHPZVD0BSC7XCQF3DG5K816,48,-41,48,-36,4,2024-11-25 23:20:07,2024-11-25 23:38:10,COMPLETED
01JDJTHHN0R0ADR6FKZ6SFG0H2,176,01JDGSQDJRJ7JFM3Y31VBA95Y1,-22,4,-37,34,2,2024-11-25 23:29:40,2024-11-26 00:16:43,COMPLETED
01JDJVVFEGFKM0P48R5ZQ863GZ,274,01JDHW1R28N9KJ7WVB689FKSND,-15,-14,33,-16,2,2024-11-25 23:52:34,2024-11-26 00:51:37,COMPLETED
01JDJZC9SRT11RSCJXQQJEVNV2,535,01JDH7NVQ0QP1M0WYSYGT11521,-36,-16,-36,9,3,2024-11-26 00:54:11,2024-11-26 01:18:14,COMPLETED
01JDJZZ4B00BAQ0JPXGBES78F4,466,01JDFH6WAGA8EEG0N6VPDRPCP7,24,44,24,39,3,2024-11-26 01:04:28,2024-11-26 01:26:31,COMPLETED
01JDK2T3F89WF48BB1X4W4ES07,244,01JDHX788GEJJ5TQFQX14M05SB,-41,12,-41,-2,2,2024-11-26 01:54:09,2024-11-26 02:19:12,COMPLETED
01JDKBYYJ8Y01N7RRH3TB1KGBD,302,01JDH85WD8BVBS76F62CDHXDR5,3,3,-17,-1,4,2024-11-26 04:34:05,2024-11-26 04:46:08,COMPLETED
01JDKEHSY0JBXFT10H7YTBEWGW,218,01JDGF0660JWM5CDD9CTZKKN86,0,-44,11,-64,5,2024-11-26 05:19:20,2024-11-26 05:31:23,COMPLETED
01JDKF9GQ84E1584N9NXYN4W5Y,129,01JDHQNGRG7EGJ54DBQ69MGQMM,35,-40,35,-17,4,2024-11-26 05:32:17,2024-11-26 06:12:20,COMPLETED
01JDKGFPD0HW3PG24CYAWHSS3P,96,01JDG08BHRN4ABRDAM8N438G69,-37,-9,-58,-32,5,2024-11-26 05:53:08,2024-11-26 06:14:11,COMPLETED
01JDKGZN4R6SV6DW98S3KB6HXK,344,01JDFSPXD0JED9H63KKZN5YKTG,32,16,40,26,4,2024-11-26 06:01:51,2024-11-26 06:32:54,COMPLETED
01JDKJGDP8Y9AXG5WC9T1PDYSZ,455,01JDH6JDXRNRKF2KCM8TJ6PN17,16,-43,11,-43,2,2024-11-26 06:28:29,2024-11-26 06:43:32,COMPLETED
01JDKK8RZRG6XWHZVD9XQ0HYCX,300,01JDGCVEZ09V23F2ZH49PSM2VV,-13,33,2,33,4,2024-11-26 06:41:47,2024-11-26 06:56:50,COMPLETED
01JDKMHPJ0AGKWTE9ZV9XMDD0M,458,01JDFWJ888V4DGSDYFBF8RQ402,-37,47,-28,53,3,2024-11-26 07:04:08,2024-11-26 07:25:11,COMPLETED
01JDKMTJQR6A6F6PB472QSBYCD,375,01JDGZ77J0AH6C3728YD9T65VA,0,-24,-33,-29,4,2024-11-26 07:08:59,2024-11-26 07:22:02,COMPLETED
01JDKQVCCR23YWVBFG3NP2J784,398,01JDHT2QF0VND31ZCFWE9RDZFQ,-25,6,-29,14,2,2024-11-26 08:01:51,2024-11-26 08:23:54,COMPLETED
01JDKRFNT0DDPSZYSW9HHCRR8S,404,01JDFWJG28EKE4RA775Z48F8AG,49,-12,36,0,2,2024-11-26 08:12:56,2024-11-26 09:23:59,COMPLETED
01JDKX4RA8SXYYQX7GW53JKE4S,433,01JDHTV0T0WYQMZ23FFHDRXA2A,-46,-36,-56,-66,2,2024-11-26 09:34:21,2024-11-26 10:15:24,COMPLETED
01JDKZEHMRQG03KNGP96BQ1T9G,449,01JDH0B030JFW4HP7P257WEKNT,27,-3,5,-13,4,2024-11-26 10:14:39,2024-11-26 10:37:42,COMPLETED
01JDKZEHMRRJD9A9PEZ5ESTCDS,449,01JDHDJFV8H77NW06SQZSP9B41,15,8,35,-8,5,2024-11-26 10:14:39,2024-11-26 11:01:42,COMPLETED
01JDM0TSN83Z2PAWG5FFECNSGC,461,01JDGTQQRG1EE3DYKC1ZB5BQNW,39,-33,49,-25,5,2024-11-26 10:38:49,2024-11-26 11:17:52,COMPLETED
01JDM2AG101AM4RS2A0N89FGRT,365,01JDGNPBPGZ93J26PTMDWDNR6G,-49,-27,-51,-1,2,2024-11-26 11:04:52,2024-11-26 11:27:55,COMPLETED
01JDM2FG60C3PAHSACYHN2QMAM,476,01JDHDV74R59WM9K3YE4M0GFNJ,-6,42,-8,60,2,2024-11-26 11:07:36,2024-11-26 11:45:39,COMPLETED
01JDM3FKH0ZKY3P1B02GV11JG3,228,01JDHMWWTG90NYQWJXY3DTKVXA,45,0,52,12,3,2024-11-26 11:25:08,2024-11-26 11:55:11,COMPLETED
01JDM5C41RW2S4C4YYZKXCN61M,494,01JDHD6WR81BZ7XZMAMK1KP992,13,35,-2,32,2,2024-11-26 11:58:11,2024-11-26 12:13:14,COMPLETED
01JDM5DG00JQSSZXN20PPQETQR,496,01JDFZZY0R4QT04MQNNGD46X2T,-20,6,-24,17,3,2024-11-26 11:58:56,2024-11-26 12:12:59,COMPLETED
01JDM6J6SRF4RBND71B6JQ8KQ7,502,01JDFYVNVRG13A044YFVMSRZCD,49,-39,73,-34,4,2024-11-26 12:18:59,2024-11-26 12:36:02,COMPLETED
01JDM75E18FMENJFK85RN868XA,504,01JDGJSC3RQJ0XAWGWEYRSGV9H,-40,-21,-17,-21,2,2024-11-26 12:29:29,2024-11-26 12:47:32,COMPLETED
01JDM8WCTGACVDCSEQDRRV9E9A,515,01JDFHZR78S51SNZ2RXQ1MTWCM,-38,-27,-39,-5,5,2024-11-26 12:59:30,2024-11-26 13:23:33,COMPLETED
01JDMADXS8CD2X1YV447N2E758,522,01JDHN25RRF7N26STHREJWA546,-10,10,-11,29,5,2024-11-26 13:26:33,2024-11-26 14:03:36,COMPLETED
01JDMCNDW0NWRPQEGYT5VD3AD0,354,01JDHN25RRF7N26STHREJWA546,-32,1,-41,-17,5,2024-11-26 14:05:36,2024-11-26 14:33:39,COMPLETED
01JDME2E9RXHRHW5X2KJAGFRJ4,555,01JDHD164GPKBEX1DEGX6S6EPR,-18,27,-39,23,5,2024-11-26 14:30:11,2024-11-26 14:50:14,COMPLETED
01JDMEDSJRC0VCPWKHSTDQDEF1,547,01JDFR8ST8WGK88TK7EZQ9SHNK,20,-24,60,-24,4,2024-11-26 14:36:23,2024-11-26 15:09:26,COMPLETED
01JDMFDT00FJTAFR1QMM5YHH8H,553,01JDG8DMW8HJGN83TA415V94Y7,-20,-40,-41,-47,4,2024-11-26 14:53:52,2024-11-26 15:31:55,COMPLETED
01JDMJTJF06HD3S17H4VWJAZKP,341,01JDGJ4J38Y3WPDDP6MRYXFT83,-41,41,-28,62,4,2024-11-26 15:53:16,2024-11-26 17:28:19,COMPLETED
01JDMKXGM8V8BVDYCQXGBG404E,487,01JDGQ21581T2B4FA4MRNHS3Y2,12,27,20,43,4,2024-11-26 16:12:21,2024-11-26 16:31:24,COMPLETED
01JDMP8B58XBZJ5S7A1NW9DSZV,105,01JDGST0K0CA9STW3TDMX0XYF4,26,19,38,5,2,2024-11-26 16:53:13,2024-11-26 18:02:16,COMPLETED
01JDJ434CRV70HMDV8BFNG9XCR,74,01JDHH3KZ0MG3PGY12JCWQAGHH,-38,-10,-32,-13,3,2024-11-25 16:57:19,2024-11-25 17:11:22,COMPLETED
01JDJ4EQFR4Q6X096NB05QG6SA,541,01JDGV9D68CBADARMD6H9BQ8KJ,5,44,-27,37,2,2024-11-25 17:03:39,2024-11-25 17:32:42,COMPLETED
01JDJ7N6S89K8RXHWM4VENT56T,142,01JDH4XGJ8VDER59WZJ7ERPQ2Z,23,27,38,13,5,2024-11-25 17:59:37,2024-11-25 18:12:40,COMPLETED
01JDJ97SXRK6K2X37A9RJ2M98A,49,01JDGFHHV8QQ9RBTV5Q16CWXTA,-39,-32,-44,-22,4,2024-11-25 18:27:15,2024-11-25 18:48:18,COMPLETED
01JDJ9C6HR1GVEEC7GQXSHY227,52,01JDFV2HWGCZ3GPKFVAZA1S7DF,11,-12,22,-3,3,2024-11-25 18:29:39,2024-11-25 18:40:42,COMPLETED
01JDJA436GYZANHEGCMVFK3EN5,167,01JDFV2HWGCZ3GPKFVAZA1S7DF,25,-2,3,-20,5,2024-11-25 18:42:42,2024-11-25 18:53:45,COMPLETED
01JDJAJ0GGN0YGK3DBAVMQQ1DN,404,01JDGFHHV8QQ9RBTV5Q16CWXTA,-32,48,-12,55,2,2024-11-25 18:50:18,2024-11-25 19:08:21,COMPLETED
01JDJAN810Y7MZAK8CX8WWFKQ8,65,01JDGNZPH0NEMXQ92XQ6GX88K5,15,5,38,7,5,2024-11-25 18:52:04,2024-11-25 19:06:07,COMPLETED
01JDJAZWV8SZVSNRWG7JERP593,67,01JDFRA0W8QESHHBCHEBWD4MJA,16,37,-7,44,5,2024-11-25 18:57:53,2024-11-25 19:13:56,COMPLETED
01JDJBBZJ8D3R65EY6NYY11NSJ,34,01JDFW0BZRXHYR375VMF60NENY,37,18,31,2,5,2024-11-25 19:04:29,2024-11-25 19:53:32,COMPLETED
01JDJDNRWR76YKHF20PDJZSFQC,284,01JDFXJHERK5P0FCGFKQRZZ1RK,-10,-21,-10,-5,4,2024-11-25 19:44:47,2024-11-25 20:07:50,COMPLETED
01JDJDY0J8RMRA9PVTT3EM75CS,95,01JDGG7860A965P9Y06WE9X4CG,-12,14,11,15,5,2024-11-25 19:49:17,2024-11-25 20:25:20,COMPLETED
01JDJEVB1G08N1RRW8PWXXPES6,160,01JDFM2B2R13V0ZRE4P7YNVVRT,-19,-17,-36,-9,3,2024-11-25 20:05:18,2024-11-25 20:33:21,COMPLETED
01JDJGCM68MWZFBD7V0HVWX44D,112,01JDHGPXQ0KY3F6YPJF62HYQ3X,-16,34,0,32,5,2024-11-25 20:32:13,2024-11-25 20:39:16,COMPLETED
01JDJGDV88170PCN49DF2TBTTA,468,01JDG4DQ48GECTFQSTF590ANM6,48,-1,80,-2,4,2024-11-25 20:32:53,2024-11-25 21:17:56,COMPLETED
01JDJHCMKG2SHPBE70RJCH85EP,123,01JDGBT0N0GMM9PPWCSY4QDB64,47,25,63,7,2,2024-11-25 20:49:42,2024-11-25 21:58:45,COMPLETED
01JDJHMEKGNZC7RQR8XMGRXVZ4,289,01JDFQCSARJSAVAZRPRBCN02DQ,28,-43,20,-20,4,2024-11-25 20:53:58,2024-11-25 21:04:01,COMPLETED
01JDJHQ1KR34MSEATHS760Z18F,508,01JDGG7860A965P9Y06WE9X4CG,34,-34,19,-15,4,2024-11-25 20:55:23,2024-11-25 21:47:26,COMPLETED
01JDJMS67R0JZJ096K60Q2CMRN,433,01JDGFKZ009K2JHAN9JFMV5VQZ,-33,-15,-25,-21,3,2024-11-25 21:48:59,2024-11-25 22:12:02,COMPLETED
01JDJNHW9035A7WM8YP5Z5TN4Z,142,01JDHGTYM0YQMZ043DFBNR7VVV,27,42,19,75,5,2024-11-25 22:02:28,2024-11-25 23:04:31,COMPLETED
01JDJPPYSRSJDKXB72HREHEPS5,148,01JDFGKYVG9FZW1R30YMSDSRYY,-12,4,-8,5,4,2024-11-25 22:22:43,2024-11-25 23:02:46,COMPLETED
01JDJRWP80BYH4F6WPBN3SGXPC,159,01JDGRTTHGKE364NNTFSA76SJR,-10,-14,-17,-20,5,2024-11-25 23:00:48,2024-11-25 23:08:51,COMPLETED
01JDJVCQRRB8BFSMQSBN4KRCX9,161,01JDH83XX8GRMNZJ34S9RVBC0E,14,10,28,2,2,2024-11-25 23:44:31,2024-11-26 00:02:34,COMPLETED
01JDJVV6N8WNG7Q15YR648SFMH,450,01JDGVNB10C3F1XDRDCEQVWN3A,19,17,15,45,4,2024-11-25 23:52:25,2024-11-26 00:12:28,COMPLETED
01JDJX5TXGFN6N2X5QG97H5XAW,98,01JDHM4TA81FSN7HB9XVMQSMX0,21,12,24,7,2,2024-11-26 00:15:42,2024-11-26 00:32:45,COMPLETED
01JDJXZ7DGEZN59N03KDKVHH44,86,01JDHGTYM0YQMZ043DFBNR7VVV,47,20,58,10,5,2024-11-26 00:29:34,2024-11-26 01:18:37,COMPLETED
01JDJYP7R02XPQ82GYHSZPZ4HV,200,01JDH7NVQ0QP1M0WYSYGT11521,49,22,37,37,4,2024-11-26 00:42:08,2024-11-26 00:52:11,COMPLETED
01JDJZWV38BZP7YBSWJTSHHFC0,210,01JDG7Y6QRS9TKVTAVVC62VFFZ,2,7,-28,-2,4,2024-11-26 01:03:13,2024-11-26 01:19:16,COMPLETED
01JDK42Z30RHZVXXBS6N7GSCNS,212,01JDHFYY4G5MS7T17MPECC53J4,-43,-28,-54,-42,3,2024-11-26 02:16:28,2024-11-26 02:54:31,COMPLETED
01JDK5BVP0V721VV25CTHWMYTK,221,01JDH6Q1CGKEJX69033CF5P8MB,21,-39,20,-43,2,2024-11-26 02:38:48,2024-11-26 02:56:51,COMPLETED
01JDK5QMMG25DKQSCNFS19HST6,330,01JDGHH5ZG1JQAPEY6EK9K57YM,29,-29,42,-34,2,2024-11-26 02:45:14,2024-11-26 03:47:17,COMPLETED
01JDK8Z73099BS1JVSXS82TMTD,547,01JDG2C3GR60VCRN3F87HK0KRM,7,-42,7,-28,4,2024-11-26 03:41:48,2024-11-26 03:47:51,COMPLETED
01JDK9HTSG818897CFYGRS65BA,9,01JDGG1Y8GEX90HRBG65QCY58B,28,11,58,2,2,2024-11-26 03:51:58,2024-11-26 04:11:01,COMPLETED
01JDKD061GKMRWC92MF49KDH1G,311,01JDHQNGRG7EGJ54DBQ69MGQMM,-26,-27,-39,-54,3,2024-11-26 04:52:14,2024-11-26 05:30:17,COMPLETED
01JDKDZ67GTYXVA7RM098D9M3R,99,01JDFV0HE05B8T7CHWH9K7F52M,37,33,44,51,5,2024-11-26 05:09:10,2024-11-26 05:24:13,COMPLETED
01JDKEDBBGEPPP55RXS2DVVY1N,317,01JDHKVNB8S58TP1MB1PRVFWV3,43,-8,55,-25,3,2024-11-26 05:16:54,2024-11-26 05:42:57,COMPLETED
01JDKQY3A079E4DCNWE49GKV6J,333,01JDGJJCFGYZFXE4XG8M7WJW77,7,-27,-10,-26,2,2024-11-26 08:03:20,2024-11-26 09:05:23,COMPLETED
01JDKRPQCRCFTTYPG86E5ZEQWY,405,01JDFMB5A0YEPP983PQ2KV50BC,-37,5,-35,-21,3,2024-11-26 08:16:47,2024-11-26 08:48:50,COMPLETED
01JDKXNFF8N62M4C7ZKWWBE5N2,357,01JDHKHG50W9V45FQFM94EW1F9,46,39,46,68,3,2024-11-26 09:43:29,2024-11-26 10:16:32,COMPLETED
01JDKZAES8V1A187D9YVQ77P3H,445,01JDH7ABHRJVN26B2JMB647AD8,16,-40,4,-42,5,2024-11-26 10:12:25,2024-11-26 10:24:28,COMPLETED
01JDM04708TQZ047MQEFNC6TGY,456,01JDFP59N8EQY5SPWJ9DFR0NQ3,-6,26,14,16,4,2024-11-26 10:26:29,2024-11-26 10:40:32,COMPLETED
01JDM0ZB5GDK739546NFAWYG94,465,01JDFGYJPGT3NQGFHHFWZXNGR5,12,-41,7,-56,4,2024-11-26 10:41:18,2024-11-26 10:58:21,COMPLETED
01JDM0ZB5GSF94GSXKY4Z29BHR,466,01JDGQN9C00BRS9YBGMY4BVXB6,1,9,-22,15,5,2024-11-26 10:41:18,2024-11-26 11:30:21,COMPLETED
01JDM48N98TGDWM75NS8HXVKFT,484,01JDHJNBRGSE02H0KK5VM9667Y,47,-15,33,-38,3,2024-11-26 11:38:49,2024-11-26 12:21:52,COMPLETED
01JDM4KPSRC6PEPPER6A8K539T,254,01JDH0B030JFW4HP7P257WEKNT,-3,37,1,38,5,2024-11-26 11:44:51,2024-11-26 12:00:54,COMPLETED
01JDM60N905RR304V6D42G63F1,6,01JDGQN9C00BRS9YBGMY4BVXB6,19,40,12,38,5,2024-11-26 12:09:24,2024-11-26 13:04:27,COMPLETED
01JDM79WKRD8SJR4NAAKXSZE2E,484,01JDGTQQRG1EE3DYKC1ZB5BQNW,-13,-21,-49,-25,2,2024-11-26 12:31:55,2024-11-26 13:11:58,COMPLETED
01JDM7N30G7SG80WQ7YQEB3G6B,342,01JDFYVNVRG13A044YFVMSRZCD,10,-32,-12,-30,5,2024-11-26 12:38:02,2024-11-26 12:54:05,COMPLETED
01JDM8P4M8JGQCFY6XB27ZS80J,500,01JDFYVNVRG13A044YFVMSRZCD,-4,6,-6,1,5,2024-11-26 12:56:05,2024-11-26 13:06:08,COMPLETED
01JDM9JEW8Z1V5SXGN0JFKHX06,134,01JDGNKDYG3MNPMTNYZPA8VWFX,-23,-19,-35,-50,3,2024-11-26 13:11:33,2024-11-26 13:28:36,COMPLETED
01JDMN7M98M4D0BQ8H0SDH14FZ,210,01JDFMKWKGZ0AHDHVS375ESFA2,39,-2,44,-7,3,2024-11-26 16:35:21,2024-11-26 17:24:24,COMPLETED
01JDJ63SQGPFRT7TFC7AA0YHMX,29,01JDFXJW6GR04B28RAY0QVXH9P,-34,-3,-6,5,4,2024-11-25 17:32:38,2024-11-25 17:57:41,COMPLETED
01JDJ81K8RYVE3V9HKBJVX78XE,40,01JDHJ3HEGTZTH8W595ZDN65YM,-39,-42,-17,-16,3,2024-11-25 18:06:23,2024-11-25 19:15:26,COMPLETED
01JDJ9EXF0QB7399N8MNXWS5E0,146,01JDFK1BDGV57XYXDMZVW1DWJK,-30,17,2,15,5,2024-11-25 18:31:08,2024-11-25 19:13:11,COMPLETED
01JDJ9FZMRT9772GEH75AXG6KQ,442,01JDH4XGJ8VDER59WZJ7ERPQ2Z,25,44,22,46,2,2024-11-25 18:31:43,2024-11-25 18:49:46,COMPLETED
01JDJ9KQRGFMK4JZFDFVA2ZZT1,55,01JDGNMXSRE394RPZDYGNK8EE0,2,16,-13,-4,4,2024-11-25 18:33:46,2024-11-25 18:43:49,COMPLETED
01JDJ9PCQ87R9SZPH9VAXH2823,59,01JDH6951RZ34E2ND71HA607K1,4,-39,9,-21,5,2024-11-25 18:35:13,2024-11-25 19:34:16,COMPLETED
01JDJ9PVC03NZJQ6T47RXQ7NKF,60,01JDGAEB68HV6N0F5VNQXDGT4X,-44,-37,-44,-57,3,2024-11-25 18:35:28,2024-11-25 18:46:31,COMPLETED
01JDJCNNHRSHGWGK0P356ME4KB,84,01JDGZSW7RFWT9A80DZ3GF6G5Y,-35,3,-27,-2,3,2024-11-25 19:27:15,2024-11-25 20:04:18,COMPLETED
01JDJDYRZG0QVDEZPTV8K2SSXF,96,01JDH939T8DH20B6CFNEW1575T,-47,15,-63,6,2,2024-11-25 19:49:42,2024-11-25 20:29:45,COMPLETED
01JDJEWA9GEFX8JTFC5MYRFZMC,101,01JDG4DQ48GECTFQSTF590ANM6,-9,21,-18,29,5,2024-11-25 20:05:50,2024-11-25 20:30:53,COMPLETED
01JDJG3P20Y1H45CER1PPMCB79,402,01JDGG7860A965P9Y06WE9X4CG,-5,19,5,2,4,2024-11-25 20:27:20,2024-11-25 20:53:23,COMPLETED
01JDJGGQ1RGX89KNQ80YGM13XB,116,01JDFVGD80DYSRK1R4ZKHD4N6M,-3,-41,31,-26,5,2024-11-25 20:34:27,2024-11-25 20:52:30,COMPLETED
01JDJJAGN8VVDYFBXGMWT2GTCT,536,01JDFQCSARJSAVAZRPRBCN02DQ,-50,-20,-57,-24,2,2024-11-25 21:06:01,2024-11-25 21:20:04,COMPLETED
01JDJJNBB09FE74X7PWF0SHD8W,551,01JDGN7NZ8FKXZENWH908MPKQR,-39,37,-46,62,2,2024-11-25 21:11:56,2024-11-25 21:58:59,COMPLETED
01JDJKBAF09BNJ3HGJH8238841,130,01JDGFKZ009K2JHAN9JFMV5VQZ,-6,-30,-14,-42,2,2024-11-25 21:23:56,2024-11-25 21:46:59,COMPLETED
01JDJMM53GJ56XS6E2AZSZ2CKJ,137,01JDH6C1TGNKMWCFMF31DBFMAC,44,36,24,55,5,2024-11-25 21:46:14,2024-11-25 22:41:17,COMPLETED
01JDJRHGTGVZZ26VD3NX7CZK9S,205,01JDHTES6RQH1HBQ78GBE6MWN8,29,-50,19,-52,4,2024-11-25 22:54:42,2024-11-25 23:52:45,COMPLETED
01JDJRZQX07S7V7FEQB485EWDY,162,01JDFWJ2CR3DZP9NC78T16E4W2,-30,47,-32,35,5,2024-11-25 23:02:28,2024-11-25 23:45:31,COMPLETED
01JDJVM9YR9KVAXYY46QEP9H57,283,01JDHM4TA81FSN7HB9XVMQSMX0,44,25,48,46,2,2024-11-25 23:48:39,2024-11-26 00:13:42,COMPLETED
01JDJVVV5GG5DQNZHDMJFVFGQR,543,01JDGXA7D8XNK7G3QH97SSCMWW,-31,-13,-46,-5,2,2024-11-25 23:52:46,2024-11-26 00:10:49,COMPLETED
01JDJY8Q48J9P7S5BWR2FB76GW,359,01JDHM4TA81FSN7HB9XVMQSMX0,7,37,9,63,2,2024-11-26 00:34:45,2024-11-26 00:52:48,COMPLETED
01JDJZ8AV8N9EK32G15MSD27KC,204,01JDFX3G0GFR14N1AJF7KR9Y90,43,10,78,8,3,2024-11-26 00:52:01,2024-11-26 01:56:04,COMPLETED
01JDK04R1071N3V54M5WNXJ1FW,217,01JDGM711R0XYM5S8PG9MT64R7,-38,-41,-34,-45,4,2024-11-26 01:07:32,2024-11-26 01:27:35,COMPLETED
01JDK1YSEG65NR4ZAQC8Y4RB3V,204,01JDH3V11R3JCA36MTYEGTS05G,37,39,51,60,5,2024-11-26 01:39:14,2024-11-26 02:28:17,COMPLETED
01JDK2SYK0K521PY3A1XGGDFMJ,243,01JDH3Y4N8SYPQFNEMN2SFBTAB,40,-29,44,-46,2,2024-11-26 01:54:04,2024-11-26 02:16:07,COMPLETED
01JDK45ZRRBNK5WPKZJ43D18FQ,288,01JDH3Y4N8SYPQFNEMN2SFBTAB,-38,12,-48,18,3,2024-11-26 02:18:07,2024-11-26 03:13:10,COMPLETED
01JDK4E4GGCF5RMN0MVG0FQV8C,464,01JDGMGRJGXXW6B4V63H5ZR35R,42,46,54,30,2,2024-11-26 02:22:34,2024-11-26 02:48:37,COMPLETED
01JDKB5A889FNSKJG0NTNHR22N,301,01JDHHHDC0P5DXBSR2TY7ATMPF,12,42,33,60,3,2024-11-26 04:20:05,2024-11-26 05:08:08,COMPLETED
01JDKDJJX8H09JWHXZ0RS97881,510,01JDGW0CHG4KP6RDB8GG8YYXVQ,-8,11,-6,36,3,2024-11-26 05:02:17,2024-11-26 05:16:20,COMPLETED
01JDKFQ2A8TVYC2T2MGG2Z0KS9,334,01JDGCVEZ09V23F2ZH49PSM2VV,6,39,22,44,2,2024-11-26 05:39:41,2024-11-26 05:51:44,COMPLETED
01JDKGJBBRRV6F3TDY5EK5YDAS,339,01JDFXG1C86S2D4BF49RR0PKYG,19,40,15,73,3,2024-11-26 05:54:35,2024-11-26 06:13:38,COMPLETED
01JDKGKGF8FS9B3GZM6ST0JW1M,351,01JDFYDNM0HWKK140PQDHA89B7,-47,32,-56,35,3,2024-11-26 05:55:13,2024-11-26 06:06:16,COMPLETED
01JDKHSN5R8D52TR6H0PEN5ZGH,351,01JDGGVKHR20EV6S19FPQJ5NGE,42,-50,52,-17,4,2024-11-26 06:16:03,2024-11-26 06:44:06,COMPLETED
01JDKN1T600HTT3BA11R8F5E08,376,01JDFF0T4G7TXSR2S5PKRAC3HK,40,-13,45,4,4,2024-11-26 07:12:56,2024-11-26 07:31:59,COMPLETED
01JDKPK968Y9F4MJT4BW4GCAVC,51,01JDGAMZ3GPZCY3628P7WJBEJZ,49,22,9,31,5,2024-11-26 07:39:57,2024-11-26 08:08:00,COMPLETED
01JDKPSCG8941VBCHJE7P3JV28,286,01JDG82GE0QR7MQR61SEXA8W7J,2,42,12,35,3,2024-11-26 07:43:17,2024-11-26 08:20:20,COMPLETED
01JDKRWC20AVPVFQQAY8H7KBXB,407,01JDFRGTN0BY5PRY5JKCBHNAH3,-23,-11,-34,-7,4,2024-11-26 08:19:52,2024-11-26 08:51:55,COMPLETED
01JDKSTDZ8TWHW7161JGK0GRHH,529,01JDH5GQSRV5B9S9ECQ1F2C7R2,33,-12,30,6,3,2024-11-26 08:36:17,2024-11-26 09:13:20,COMPLETED
01JDKTHN4G1FB785CB63FWE4QQ,421,01JDG9Q508ZM5HBBYH81JDCN7A,-20,4,-21,11,3,2024-11-26 08:48:58,2024-11-26 09:03:01,COMPLETED
01JDKTKSG047A1Y2GADKMWG7CN,13,01JDGGCB8R3YD65WB8QEMXG8HS,28,49,-1,50,5,2024-11-26 08:50:08,2024-11-26 09:07:11,COMPLETED
01JDKWKKFR6WHG6BDBKSMGV8D2,114,01JDFHNTV0KGFZ2N2B4CX0RBC5,25,3,26,-19,2,2024-11-26 09:24:59,2024-11-26 09:43:02,COMPLETED
01JDKY5QZGR3E1BKRH81Z4WH36,175,01JDH7ABHRJVN26B2JMB647AD8,40,-36,46,-19,4,2024-11-26 09:52:22,2024-11-26 10:10:25,COMPLETED
01JDM1S3CG9QADQ2X5BRB4DTQH,471,01JDFK6JD8QRVJB6BAA658XZZ3,-26,-10,-3,1,5,2024-11-26 10:55:22,2024-11-26 11:08:25,COMPLETED
01JDM25WJ8W5VZVNSMS8JF9MB0,355,01JDHTV8M0WJGVE9AA2KT3FAZG,-25,49,-34,33,2,2024-11-26 11:02:21,2024-11-26 11:19:24,COMPLETED
01JDM3AGE8Q7ZAVTSSDDTCDVWS,398,01JDGN4EERB70JSR5ADHSP5HBS,40,-23,52,-5,4,2024-11-26 11:22:21,2024-11-26 11:58:24,COMPLETED
01JDM4D6SGB5WWPVHBP7995G7N,489,01JDFWX0ZG4JRGT50VP2JEYTZ5,12,16,-3,21,3,2024-11-26 11:41:18,2024-11-26 11:51:21,COMPLETED
01JDM5G5Y0D6C1Y7JSGMJA6CGQ,310,01JDGN4EERB70JSR5ADHSP5HBS,13,-40,5,-60,4,2024-11-26 12:00:24,2024-11-26 12:23:27,COMPLETED
01JDM7CPERZY5RQ2NQGYBY3WXW,449,01JDFWX0ZG4JRGT50VP2JEYTZ5,-8,49,-3,44,3,2024-11-26 12:33:27,2024-11-26 12:53:30,COMPLETED
01JDM7XAP0R9MZRQQGWFX5M72E,119,01JDGYP3PRK65020KN1NCEC2A7,-43,-27,-53,-44,2,2024-11-26 12:42:32,2024-11-26 13:05:35,COMPLETED
01JDM8KDQ044QFDBG5BRQQ3FW4,527,01JDGSKEM8QE2QDNP0MNZZP8CQ,48,35,53,69,2,2024-11-26 12:54:36,2024-11-26 13:14:39,COMPLETED
01JDM97FA8JM6S62MY9H5A0N9P,247,01JDG37JDRJWN4YS5K5GSYXP69,-7,36,-22,40,3,2024-11-26 13:05:33,2024-11-26 13:19:36,COMPLETED
01JDMB9FM0CGDTY1FMH282QH51,62,01JDFVE038ZHJF1H3KD4CV4HBF,46,-47,71,-63,5,2024-11-26 13:41:36,2024-11-26 14:34:39,COMPLETED
01JDMGY6TGVCS9DR51JS8GQ0KK,557,01JDHBH9X8ZJQ6E68JRK4AKX05,23,28,11,34,2,2024-11-26 15:20:18,2024-11-26 15:28:21,COMPLETED
01JDMKMBN85Z63KG60G06AGCQ4,505,01JDFR7DW0WFKN0T3CK2EKRADD,4,-4,11,-6,4,2024-11-26 16:07:21,2024-11-26 16:44:24,COMPLETED
